attendee_id,event_name,event_date,store_id,last_name,first_name,full_name,email,prefecture,survey_score,matched_customer_id,email_variant_type
ATT00001,冬のあったか家電フェア,2026-08-12,S012,清水,くみ子,清水 くみ子,efujita@example.org,鹿児島県,5,C010151,exact
ATT00002,秋のインテリア相談会,2026-12-30,S027,池田,桃子,池田 桃子,maaya85@example.org,岩手県,4,C013154,exact
ATT00003,夏の涼感体験会,2026-11-18,S042,山口,篤司,山口 篤司,yosukeito@example.com,奈良県,4,C001765,new
ATT00004,春の新生活フェア,2026-05-18,S019,田中,京助,田中 京助,ukobayashi@example.net,茨城県,4,C004843,exact
ATT00005,キッチン用品試食会,2026-03-25,S026,前田,康弘,前田 康弘,yamadamomoko@example.com,山形県,5,C007020,new
ATT00006,冬のあったか家電フェア,2026-10-12,S036,中島,洋介,中島 洋介,hiroshi70@example.org,徳島県,5,C000418,exact
ATT00007,夏の涼感体験会,2026-08-15,S017,高橋,翔太,高橋 翔太,watanabemai@example.com,青森県,5,C018234,exact
ATT00008,冬のあったか家電フェア,2026-07-27,S049,吉田,美加子,吉田 美加子,matsumotonanami@example.org,滋賀県,5,C000943,exact
ATT00009,リニューアルオープン記念イベント,2026-11-16,S048,山田,結衣,山田 結衣,takumaishikawa@example.org,東京都,5,C016089,exact
ATT00010,夏の涼感体験会,2026-02-10,S028,池田,浩,池田 浩,reisuzuki@example.org,香川県,5,C005019,new
ATT00011,冬のあったか家電フェア,2026-01-06,S046,佐藤,結衣,佐藤 結衣,chiyo34@example.org,熊本県,5,C012651,exact
ATT00012,冬のあったか家電フェア,2026-03-21,S012,佐藤,くみ子,佐藤 くみ子,gotomikako@example.org,沖縄県,4,C003436,exact
ATT00013,秋のインテリア相談会,2026-09-30,S025,鈴木,知実,鈴木 知実,hanako23@example.com,北海道,4,C017122,exact
ATT00014,冬のあったか家電フェア,2026-07-09,S016,中村,陽子,中村 陽子,lhayashi@example.org,香川県,4,C013613,exact
ATT00015,春の新生活フェア,2026-02-26,S019,鈴木,淳,鈴木 淳,cmatsumoto@example.org,宮崎県,4,C017923,new
ATT00016,冬のあったか家電フェア,2026-01-23,S029,藤原,裕樹,藤原 裕樹,sotaro10@example.com,長崎県,5,C008417,exact
ATT00017,冬のあったか家電フェア,2026-12-04,S046,松本,亮介,松本 亮介,psato@example.com,高知県,5,C004444,new
ATT00018,キッチン用品試食会,2026-03-13,S039,伊藤,くみ子,伊藤 くみ子,takahashinaoto@example.net,富山県,4,C017246,exact
ATT00019,リニューアルオープン記念イベント,2026-08-15,S001,田中,桃子,田中 桃子,shotafujita@example.com,奈良県,4,C005641,fullwidth
ATT00020,冬のあったか家電フェア,2026-05-12,S017,鈴木,篤司,鈴木 篤司,yoko28@example.org,福井県,5,C019899,new
ATT00021,冬のあったか家電フェア,2026-02-27,S005,鈴木,明美,鈴木 明美,pyamashita@example.org,東京都,5,C004720,exact
ATT00022,春の新生活フェア,2026-04-04,S003,田中,洋介,田中 洋介,hsato@example.com,大分県,3,C011280,new
ATT00023,春の新生活フェア,2026-12-11,S014,吉田,直子,吉田 直子,vfujiwara@example.org,福島県,3,C015444,new
ATT00024,冬のあったか家電フェア,2026-06-23,S047,中村,晃,中村 晃,mai04@example.com,神奈川県,4,C019434,new
ATT00025,冬のあったか家電フェア,2026-09-23,S046,高橋,稔,高橋 稔,aokiyoko@example.org,佐賀県,5,C018311,exact
ATT00026,冬のあったか家電フェア,2026-03-04,S044,森,太一,森 太一,katotaichi@example.org,広島県,5,C009601,exact
ATT00027,春の新生活フェア,2026-10-08,S045,中村,聡太郎,中村 聡太郎,yamaguchikazuya@example.net,山梨県,3,C009500,exact
ATT00028,夏の涼感体験会,2026-08-07,S048,山本,直人,山本 直人,nanami95@example.net,山梨県,5,C008383,uppercase
ATT00029,春の新生活フェア,2026-07-21,S048,清水,篤司,清水 篤司,snishimura@example.org,新潟県,4,C013302,exact
ATT00030,夏の涼感体験会,2026-09-21,S007,加藤,陽子,加藤 陽子,nakajimamanabu@example.org,和歌山県,2,C017076,exact
ATT00031,夏の涼感体験会,2026-03-28,S044,小川,直子,小川 直子,ehashimoto@example.com,高知県,3,C010264,exact
ATT00032,春の新生活フェア,2026-12-30,S036,加藤,直子,加藤 直子,fujiihideki@example.org,沖縄県,5,C018057,exact
ATT00033,冬のあったか家電フェア,2026-07-04,S034,吉田,真綾,吉田 真綾,uyamaguchi@example.com,東京都,3,C008756,exact
ATT00034,春の新生活フェア,2026-11-05,S004,田中,洋介,田中 洋介,manabuyamada@example.com,山梨県,4,C014002,new
ATT00035,冬のあったか家電フェア,2026-11-21,S026,山崎,直子,山崎 直子,kobayashikyosuke@example.com,兵庫県,3,C004146,exact
ATT00036,リニューアルオープン記念イベント,2026-10-19,S022,前田,直樹,前田 直樹,hideki77@example.org,京都府,5,C000444,exact
ATT00037,冬のあったか家電フェア,2026-12-14,S003,伊藤,美加子,伊藤 美加子,kimuratsubasa@example.org,石川県,5,C006457,exact
ATT00038,キッチン用品試食会,2026-01-01,S048,福田,陽子,福田 陽子,mikakosasaki@example.com,沖縄県,5,C000077,new
ATT00039,キッチン用品試食会,2026-04-28,S020,佐藤,直樹,佐藤 直樹,hidekikobayashi@example.com,岩手県,5,C009170,exact
ATT00040,秋のインテリア相談会,2026-06-19,S034,加藤,翔太,加藤 翔太,kenichi87@example.net,佐賀県,2,C010649,new
ATT00041,キッチン用品試食会,2026-05-07,S008,斎藤,裕美子,斎藤 裕美子,tomoyaogawa@example.net,新潟県,3,C007282,new
ATT00042,秋のインテリア相談会,2026-04-30,S009,佐藤,学,佐藤 学,kyosuke41@example.net,滋賀県,4,C006989,new
ATT00043,夏の涼感体験会,2026-11-21,S011,山本,淳,山本 淳,tanakatakuma@example.com,岡山県,3,C005248,fullwidth
ATT00044,秋のインテリア相談会,2026-12-01,S001,佐藤,あすか,佐藤 あすか,haruka19@example.org,栃木県,5,C003868,exact
ATT00045,冬のあったか家電フェア,2026-10-03,S003,森,充,森 充,harukahashimoto@example.net,滋賀県,4,C001649,new
ATT00046,夏の涼感体験会,2026-11-08,S007,橋本,くみ子,橋本 くみ子,taichiwatanabe@example.net,奈良県,3,C008138,new
ATT00047,秋のインテリア相談会,2026-05-29,S007,坂本,亮介,坂本 亮介,yutakimura@example.org,岩手県,5,C013372,new
ATT00048,冬のあったか家電フェア,2026-06-26,S021,藤田,直樹,藤田 直樹,sakamototsubasa@example.net,滋賀県,4,C013773,new
ATT00049,春の新生活フェア,2026-09-17,S021,鈴木,真綾,鈴木 真綾,shotaito@example.org,鳥取県,4,C006648,exact
ATT00050,キッチン用品試食会,2026-06-28,S038,坂本,拓真,坂本 拓真,ryoshida@example.com,神奈川県,3,C001844,new
ATT00051,冬のあったか家電フェア,2026-10-16,S048,村上,七夏,村上 七夏,watanabekumiko@example.net,宮城県,4,C015479,exact
ATT00052,春の新生活フェア,2026-04-09,S015,後藤,直子,後藤 直子,ishikawakana@example.org,島根県,5,C008721,new
ATT00053,冬のあったか家電フェア,2026-01-24,S036,伊藤,直樹,伊藤 直樹,tgoto@example.com,群馬県,5,C014722,exact
ATT00054,秋のインテリア相談会,2026-01-27,S002,林,さゆり,林 さゆり,yoichi78@example.com,高知県,2,C012708,exact
ATT00055,春の新生活フェア,2026-09-27,S033,佐々木,直子,佐々木 直子,jito@example.net,千葉県,4,C010802,exact
ATT00056,秋のインテリア相談会,2026-08-28,S041,岡田,浩,岡田 浩,fhayashi@example.net,奈良県,4,C016191,exact
ATT00057,冬のあったか家電フェア,2026-08-20,S044,佐々木,晃,佐々木 晃,mfujii@example.org,新潟県,3,C004614,exact
ATT00058,秋のインテリア相談会,2026-05-29,S043,藤井,明美,藤井 明美,kgoto@example.net,香川県,4,C011792,new
ATT00059,冬のあったか家電フェア,2026-11-15,S023,近藤,康弘,近藤 康弘,manabuyamada@example.com,岩手県,4,C006043,new
ATT00060,春の新生活フェア,2026-01-08,S028,加藤,洋介,加藤 洋介,suzukihideki@example.net,滋賀県,4,C007176,exact
ATT00061,夏の涼感体験会,2026-05-07,S012,斉藤,さゆり,斉藤 さゆり,wtakahashi@example.org,鳥取県,5,C004738,exact
ATT00062,夏の涼感体験会,2026-01-19,S026,井上,結衣,井上 結衣,aokiyoichi@example.net,宮城県,4,C015793,exact
ATT00063,春の新生活フェア,2026-12-16,S002,佐々木,千代,佐々木 千代,naoto04@example.org,栃木県,5,C006898,exact
ATT00064,春の新生活フェア,2026-01-24,S029,池田,修平,池田 修平,ayamazaki@example.net,京都府,4,C019128,exact
ATT00065,夏の涼感体験会,2026-07-27,S016,村上,舞,村上 舞,itoyasuhiro@example.net,沖縄県,2,C016251,new
ATT00066,冬のあったか家電フェア,2026-12-19,S036,渡辺,淳,渡辺 淳,jun94@example.com,岡山県,5,C002577,new
ATT00067,夏の涼感体験会,2026-01-16,S009,松田,浩,松田 浩,tomoyawatanabe@example.org,宮城県,3,C018732,exact
ATT00068,キッチン用品試食会,2026-04-12,S003,中島,舞,中島 舞,matsudanaoki@example.com,千葉県,5,C017937,exact
ATT00069,秋のインテリア相談会,2026-12-22,S047,小林,七夏,小林 七夏,shoheinakamura@example.net,鹿児島県,4,C004279,exact
ATT00070,夏の涼感体験会,2026-08-13,S026,藤田,美加子,藤田 美加子,takahashihanako@example.org,佐賀県,2,C010256,new
ATT00071,秋のインテリア相談会,2026-01-26,S012,木村,太郎,木村 太郎,yamashitahanako@example.com,鹿児島県,5,C019782,exact
ATT00072,キッチン用品試食会,2026-07-21,S040,佐藤,あすか,佐藤 あすか,itorei@example.net,長野県,3,C015378,exact
ATT00073,春の新生活フェア,2026-03-14,S010,中村,翼,中村 翼,satorika@example.com,富山県,4,C018580,exact
ATT00074,春の新生活フェア,2026-09-23,S039,吉田,亮介,吉田 亮介,kyosukeikeda@example.net,愛媛県,4,C018177,new
ATT00075,冬のあったか家電フェア,2026-11-26,S002,高橋,花子,高橋 花子,rsakamoto@example.org,京都府,5,C007280,exact
ATT00076,冬のあったか家電フェア,2026-10-22,S012,石川,里佳,石川 里佳,ogawamiki@example.net,福井県,3,C001517,exact
ATT00077,春の新生活フェア,2026-05-19,S046,佐藤,修平,佐藤 修平,inishimura@example.net,愛知県,4,C015026,exact
ATT00078,冬のあったか家電フェア,2026-11-08,S027,中島,くみ子,中島 くみ子,gkobayashi@example.net,三重県,4,C004825,exact
ATT00079,キッチン用品試食会,2026-01-09,S039,佐藤,浩,佐藤 浩,hayashinaoko@example.org,山口県,5,C009232,new
ATT00080,リニューアルオープン記念イベント,2026-05-08,S020,小林,翼,小林 翼,nyamamoto@example.com,山梨県,3,C016889,exact
ATT00081,秋のインテリア相談会,2026-04-22,S034,山口,直樹,山口 直樹,yfukuda@example.net,島根県,3,C006449,exact
ATT00082,秋のインテリア相談会,2026-01-20,S046,佐藤,京助,佐藤 京助,satojun@example.com,佐賀県,4,C000359,new
ATT00083,春の新生活フェア,2026-12-12,S004,福田,陽子,福田 陽子,takahashichiyo@example.net,高知県,2,C002799,new
ATT00084,冬のあったか家電フェア,2026-04-03,S045,伊藤,亮介,伊藤 亮介,yamamotoyosuke@example.org,富山県,3,C009241,new
ATT00085,秋のインテリア相談会,2026-02-24,S040,中川,太郎,中川 太郎,ynakamura@example.org,富山県,4,C012416,exact
ATT00086,リニューアルオープン記念イベント,2026-02-15,S037,西村,結衣,西村 結衣,chiyoota@example.org,茨城県,4,C011731,exact
ATT00087,夏の涼感体験会,2026-01-31,S046,橋本,直子,橋本 直子,yasuhirosaito@example.com,福島県,4,C002653,exact
ATT00088,夏の涼感体験会,2026-12-18,S007,石井,幹,石井 幹,shota26@example.org,愛媛県,4,C003688,exact
ATT00089,冬のあったか家電フェア,2026-04-29,S001,斉藤,香織,斉藤 香織,akemiogawa@example.net,宮崎県,4,C016021,exact
ATT00090,冬のあったか家電フェア,2026-01-04,S023,藤田,直樹,藤田 直樹,taro05@example.net,山口県,3,C009093,exact
ATT00091,冬のあったか家電フェア,2026-01-21,S013,鈴木,くみ子,鈴木 くみ子,saitotakuma@example.net,奈良県,3,C008093,exact
ATT00092,冬のあったか家電フェア,2026-06-01,S005,吉田,直人,吉田 直人,sakamotokenichi@example.org,宮崎県,5,C014128,exact
ATT00093,夏の涼感体験会,2026-05-27,S050,山本,治,山本 治,suzukimikako@example.org,宮城県,4,C009073,exact
ATT00094,春の新生活フェア,2026-07-18,S037,石川,翼,石川 翼,bnakamura@example.net,宮城県,2,C001610,exact
ATT00095,秋のインテリア相談会,2026-11-27,S050,吉田,聡太郎,吉田 聡太郎,aito@example.net,島根県,3,C010766,exact
ATT00096,春の新生活フェア,2026-07-20,S036,鈴木,真綾,鈴木 真綾,ryosuke77@example.org,山口県,3,C005396,new
ATT00097,夏の涼感体験会,2026-08-16,S050,藤原,太郎,藤原 太郎,iito@example.com,山形県,4,C003138,exact
ATT00098,夏の涼感体験会,2026-01-08,S012,阿部,京助,阿部 京助,fmurakami@example.net,秋田県,5,C012926,new
ATT00099,春の新生活フェア,2026-12-18,S047,渡辺,陽子,渡辺 陽子,qsato@example.com,山形県,5,C000476,exact
ATT00100,秋のインテリア相談会,2026-09-02,S028,井上,英樹,井上 英樹,asukanakamura@example.org,北海道,4,C006413,exact
ATT00101,冬のあったか家電フェア,2026-06-24,S049,斉藤,直樹,斉藤 直樹,tsubasa01@example.com,徳島県,4,C005346,new
ATT00102,冬のあったか家電フェア,2026-12-01,S024,佐藤,翔太,佐藤 翔太,aokiminoru@example.org,和歌山県,3,C008430,fullwidth
ATT00103,冬のあったか家電フェア,2026-06-16,S045,井上,康弘,井上 康弘,imatsuda@example.org,埼玉県,5,C018034,exact
ATT00104,春の新生活フェア,2026-01-09,S014,山口,学,山口 学,chiyoogawa@example.org,埼玉県,2,C011370,exact
ATT00105,冬のあったか家電フェア,2026-02-10,S013,渡辺,直子,渡辺 直子,atanaka@example.net,滋賀県,5,C014522,exact
ATT00106,夏の涼感体験会,2026-07-07,S002,高橋,和也,高橋 和也,tanakamomoko@example.org,奈良県,4,C006346,new
ATT00107,夏の涼感体験会,2026-07-09,S007,岡田,明美,岡田 明美,murakamichiyo@example.com,石川県,4,C006175,new
ATT00108,夏の涼感体験会,2026-05-22,S040,加藤,舞,加藤 舞,shota44@example.org,埼玉県,3,C003521,exact
ATT00109,冬のあったか家電フェア,2026-08-23,S033,山田,結衣,山田 結衣,sotarosato@example.org,群馬県,5,C007728,space
ATT00110,リニューアルオープン記念イベント,2026-12-24,S015,田中,拓真,田中 拓真,shotaabe@example.org,宮城県,2,C013248,exact
ATT00111,キッチン用品試食会,2026-07-05,S006,吉田,亮介,吉田 亮介,tyamaguchi@example.org,愛知県,3,C004710,exact
ATT00112,夏の涼感体験会,2026-03-26,S025,田中,零,田中 零,tmori@example.com,青森県,3,C002182,exact
ATT00113,春の新生活フェア,2026-12-20,S040,高橋,零,高橋 零,rnakamura@example.net,滋賀県,3,C011369,new
ATT00114,秋のインテリア相談会,2026-06-19,S033,高橋,智也,高橋 智也,taichinishimura@example.com,大阪府,5,C013080,new
ATT00115,春の新生活フェア,2026-08-08,S002,斉藤,裕樹,斉藤 裕樹,tomoya97@example.net,鹿児島県,5,C011946,exact
ATT00116,冬のあったか家電フェア,2026-01-02,S028,渡辺,さゆり,渡辺 さゆり,satonaoko@example.com,神奈川県,4,C012564,new
ATT00117,秋のインテリア相談会,2026-05-13,S045,小林,舞,小林 舞,pyamada@example.com,茨城県,5,C002637,new
ATT00118,夏の涼感体験会,2026-12-28,S028,太田,修平,太田 修平,yui08@example.net,栃木県,4,C009141,new
ATT00119,秋のインテリア相談会,2026-06-23,S035,藤田,聡太郎,藤田 聡太郎,hiroshiota@example.org,奈良県,5,C017008,exact
ATT00120,夏の涼感体験会,2026-02-16,S044,木村,陽子,木村 陽子,nakamurataro@example.com,埼玉県,3,C007340,exact
ATT00121,冬のあったか家電フェア,2026-07-04,S044,福田,裕太,福田 裕太,takahashiyumiko@example.net,香川県,4,C018261,exact
ATT00122,春の新生活フェア,2026-12-03,S029,遠藤,結衣,遠藤 結衣,aokiyumiko@example.net,新潟県,4,C013209,exact
ATT00123,春の新生活フェア,2026-10-03,S010,山本,裕太,山本 裕太,hanakohasegawa@example.com,山梨県,3,C002669,exact
ATT00124,夏の涼感体験会,2026-01-06,S042,渡辺,くみ子,渡辺 くみ子,mikakotanaka@example.net,岩手県,4,C010192,exact
ATT00125,秋のインテリア相談会,2026-11-21,S040,田中,零,田中 零,ngoto@example.com,山形県,4,C000430,new
ATT00126,冬のあったか家電フェア,2026-01-24,S015,佐々木,花子,佐々木 花子,lyamazaki@example.org,愛知県,4,C008636,exact
ATT00127,秋のインテリア相談会,2026-12-02,S005,小川,裕太,小川 裕太,hashimotoyuta@example.net,山形県,3,C016743,exact
ATT00128,春の新生活フェア,2026-03-20,S036,中村,七夏,中村 七夏,murakamikenichi@example.com,新潟県,5,C016064,exact
ATT00129,キッチン用品試食会,2026-08-23,S002,小川,知実,小川 知実,kgoto@example.com,静岡県,4,C011834,uppercase
ATT00130,キッチン用品試食会,2026-07-27,S030,佐藤,くみ子,佐藤 くみ子,rika83@example.net,熊本県,5,C005593,new
ATT00131,夏の涼感体験会,2026-02-14,S010,藤田,美加子,藤田 美加子,rei70@example.org,島根県,4,C012818,new
ATT00132,春の新生活フェア,2026-01-12,S035,鈴木,七夏,鈴木 七夏,yukiokada@example.net,富山県,4,C000738,exact
ATT00133,春の新生活フェア,2026-04-26,S039,伊藤,淳,伊藤 淳,kokamoto@example.org,富山県,5,C011472,new
ATT00134,冬のあったか家電フェア,2026-06-15,S040,中村,直人,中村 直人,shohei62@example.org,秋田県,4,C017216,exact
ATT00135,キッチン用品試食会,2026-12-07,S024,田中,拓真,田中 拓真,sasakimiki@example.com,広島県,3,C018900,exact
ATT00136,夏の涼感体験会,2026-02-10,S029,藤原,裕樹,藤原 裕樹,yamashitakazuya@example.net,熊本県,5,C007376,exact
ATT00137,冬のあったか家電フェア,2026-02-27,S010,加藤,晃,加藤 晃,akemi92@example.net,奈良県,5,C002688,exact
ATT00138,キッチン用品試食会,2026-04-07,S035,中島,篤司,中島 篤司,kmurakami@example.net,広島県,4,C007452,exact
ATT00139,冬のあったか家電フェア,2026-03-18,S043,佐藤,涼平,佐藤 涼平,hideki59@example.com,広島県,3,C007703,exact
ATT00140,春の新生活フェア,2026-09-12,S035,佐藤,真綾,佐藤 真綾,cnakamura@example.com,佐賀県,3,C003243,new
ATT00141,夏の涼感体験会,2026-06-17,S028,伊藤,健一,伊藤 健一,nakajimaakira@example.com,岐阜県,5,C009039,exact
ATT00142,冬のあったか家電フェア,2026-01-18,S025,高橋,裕樹,高橋 裕樹,bkimura@example.org,秋田県,5,C010806,exact
ATT00143,秋のインテリア相談会,2026-01-24,S049,山本,結衣,山本 結衣,ftanaka@example.com,愛媛県,4,C012383,new
ATT00144,リニューアルオープン記念イベント,2026-12-18,S050,吉田,治,吉田 治,minoru22@example.com,和歌山県,5,C012708,exact
ATT00145,春の新生活フェア,2026-03-15,S018,佐藤,翔太,佐藤 翔太,ushimizu@example.net,茨城県,4,C013339,new
ATT00146,秋のインテリア相談会,2026-01-11,S033,田中,陽一,田中 陽一,naoko33@example.com,沖縄県,5,C019989,exact
ATT00147,春の新生活フェア,2026-03-24,S017,中村,和也,中村 和也,tsubasa82@example.net,富山県,3,C011184,exact
ATT00148,キッチン用品試食会,2026-06-04,S008,高橋,舞,高橋 舞,reiogawa@example.net,新潟県,5,C013032,new
ATT00149,春の新生活フェア,2026-03-17,S003,井上,直子,井上 直子,maayagoto@example.net,京都府,4,C000501,exact
ATT00150,秋のインテリア相談会,2026-08-14,S032,佐々木,健一,佐々木 健一,psuzuki@example.net,長野県,3,C017440,new
ATT00151,秋のインテリア相談会,2026-02-26,S022,木村,充,木村 充,matsudamikako@example.com,長野県,3,C015773,exact
ATT00152,春の新生活フェア,2026-03-26,S007,高橋,零,高橋 零,ksakamoto@example.org,奈良県,4,C006077,new
ATT00153,春の新生活フェア,2026-01-05,S041,高橋,直人,高橋 直人,kyosukeyamamoto@example.com,沖縄県,5,C002770,exact
ATT00154,春の新生活フェア,2026-08-10,S049,山口,亮介,山口 亮介,tanakaakemi@example.org,広島県,4,C005050,new
ATT00155,春の新生活フェア,2026-01-04,S006,石川,洋介,石川 洋介,junnakajima@example.net,徳島県,3,C014764,exact
ATT00156,夏の涼感体験会,2026-02-27,S016,中川,和也,中川 和也,takumaabe@example.net,山梨県,5,C018272,new
ATT00157,夏の涼感体験会,2026-02-08,S011,林,京助,林 京助,hiroshiyoshida@example.net,神奈川県,4,C018297,exact
ATT00158,冬のあったか家電フェア,2026-12-31,S037,山下,知実,山下 知実,yoko31@example.net,徳島県,3,C014107,new
ATT00159,春の新生活フェア,2026-07-10,S039,佐藤,さゆり,佐藤 さゆり,ogawamanabu@example.org,東京都,4,C018557,new
ATT00160,キッチン用品試食会,2026-09-29,S001,渡辺,拓真,渡辺 拓真,yamadajun@example.com,静岡県,5,C017633,new
ATT00161,春の新生活フェア,2026-10-28,S045,石井,亮介,石井 亮介,osamuishikawa@example.net,岐阜県,3,C012680,uppercase
ATT00162,春の新生活フェア,2026-09-13,S007,伊藤,聡太郎,伊藤 聡太郎,mai42@example.org,大阪府,2,C001610,space
ATT00163,冬のあったか家電フェア,2026-11-18,S048,山下,晃,山下 晃,fsato@example.net,福岡県,5,C013918,new
ATT00164,夏の涼感体験会,2026-05-27,S034,小林,あすか,小林 あすか,yoichifujiwara@example.org,和歌山県,4,C012756,exact
ATT00165,春の新生活フェア,2026-07-15,S040,佐々木,桃子,佐々木 桃子,mituruinoue@example.net,茨城県,4,C018173,exact
ATT00166,キッチン用品試食会,2026-03-30,S008,中村,涼平,中村 涼平,kaori11@example.net,長崎県,5,C002025,uppercase
ATT00167,夏の涼感体験会,2026-01-09,S016,伊藤,洋介,伊藤 洋介,kana20@example.com,富山県,3,C013500,exact
ATT00168,冬のあったか家電フェア,2026-10-31,S025,藤原,涼平,藤原 涼平,naoto40@example.org,岐阜県,5,C014496,new
ATT00169,リニューアルオープン記念イベント,2026-10-18,S050,伊藤,あすか,伊藤 あすか,tomoyasasaki@example.net,長崎県,4,C014511,new
ATT00170,冬のあったか家電フェア,2026-09-18,S013,山本,学,山本 学,hayashiatsushi@example.org,愛媛県,4,C003657,new
ATT00171,春の新生活フェア,2026-10-27,S027,藤原,香織,藤原 香織,maaya16@example.org,岐阜県,5,C009057,exact
ATT00172,冬のあったか家電フェア,2026-08-20,S039,高橋,美加子,高橋 美加子,harukayoshida@example.net,栃木県,5,C017166,uppercase
ATT00173,キッチン用品試食会,2026-06-08,S049,高橋,稔,高橋 稔,zkato@example.com,鹿児島県,4,C004267,exact
ATT00174,冬のあったか家電フェア,2026-09-18,S048,木村,春香,木村 春香,satoatsushi@example.net,埼玉県,4,C013157,exact
ATT00175,春の新生活フェア,2026-02-05,S050,清水,花子,清水 花子,wwatanabe@example.net,大阪府,3,C009709,exact
ATT00176,リニューアルオープン記念イベント,2026-02-08,S045,吉田,陽子,吉田 陽子,lhayashi@example.org,茨城県,4,C019471,exact
ATT00177,春の新生活フェア,2026-08-22,S045,鈴木,直人,鈴木 直人,manabu10@example.net,岐阜県,4,C001640,exact
ATT00178,リニューアルオープン記念イベント,2026-08-16,S041,林,翼,林 翼,xsato@example.net,岩手県,3,C011225,uppercase
ATT00179,春の新生活フェア,2026-04-16,S024,鈴木,七夏,鈴木 七夏,mikakokondo@example.org,山口県,5,C003598,new
ATT00180,冬のあったか家電フェア,2026-11-23,S039,山下,洋介,山下 洋介,haruka12@example.net,神奈川県,4,C007454,exact
ATT00181,春の新生活フェア,2026-12-01,S010,松本,学,松本 学,mituru36@example.net,愛媛県,2,C010749,exact
ATT00182,冬のあったか家電フェア,2026-08-15,S019,斉藤,稔,斉藤 稔,rika13@example.net,千葉県,2,C018051,exact
ATT00183,夏の涼感体験会,2026-12-08,S002,山下,晃,山下 晃,btanaka@example.org,宮城県,4,C005510,new
ATT00184,秋のインテリア相談会,2026-09-27,S038,長谷川,結衣,長谷川 結衣,csakamoto@example.org,神奈川県,3,C017270,new
ATT00185,冬のあったか家電フェア,2026-11-02,S018,斉藤,桃子,斉藤 桃子,vokamoto@example.org,熊本県,1,C017629,exact
ATT00186,秋のインテリア相談会,2026-06-15,S026,松本,春香,松本 春香,atsushiyoshida@example.org,鹿児島県,4,C005804,exact
ATT00187,夏の涼感体験会,2026-07-08,S029,山崎,修平,山崎 修平,hmurakami@example.net,熊本県,3,C014323,exact
ATT00188,秋のインテリア相談会,2026-07-22,S007,青木,智也,青木 智也,ishiimanabu@example.net,福岡県,5,C008646,new
ATT00189,春の新生活フェア,2026-08-09,S042,鈴木,直樹,鈴木 直樹,mikako38@example.com,東京都,5,C009829,new
ATT00190,キッチン用品試食会,2026-05-28,S027,林,亮介,林 亮介,eyamamoto@example.com,神奈川県,4,C003941,exact
ATT00191,キッチン用品試食会,2026-12-11,S002,山口,直樹,山口 直樹,mikisato@example.net,愛媛県,4,C008444,new
ATT00192,春の新生活フェア,2026-10-07,S031,井上,明美,井上 明美,htakahashi@example.org,山形県,5,C002547,new
ATT00193,春の新生活フェア,2026-05-21,S043,小林,拓真,小林 拓真,manabunakamura@example.com,静岡県,5,C001406,exact
ATT00194,春の新生活フェア,2026-11-27,S040,小林,和也,小林 和也,rika71@example.org,福岡県,3,C019025,new
ATT00195,春の新生活フェア,2026-02-17,S008,林,康弘,林 康弘,manabu30@example.net,岐阜県,4,C017603,exact
ATT00196,春の新生活フェア,2026-03-11,S022,鈴木,幹,鈴木 幹,kyosuke68@example.org,山梨県,4,C001624,new
ATT00197,春の新生活フェア,2026-01-16,S011,太田,充,太田 充,yutakimura@example.com,和歌山県,5,C007435,exact
ATT00198,冬のあったか家電フェア,2026-12-19,S049,山田,加奈,山田 加奈,kumikomatsuda@example.net,長崎県,5,C017916,exact
ATT00199,夏の涼感体験会,2026-07-18,S032,加藤,学,加藤 学,yui45@example.net,埼玉県,4,C016843,new
ATT00200,キッチン用品試食会,2026-03-29,S005,坂本,春香,坂本 春香,etanaka@example.com,三重県,5,C002974,exact
ATT00201,冬のあったか家電フェア,2026-07-24,S032,山崎,涼平,山崎 涼平,moriasuka@example.com,岡山県,5,C000914,exact
ATT00202,夏の涼感体験会,2026-06-17,S047,鈴木,春香,鈴木 春香,takahashinaoki@example.org,長野県,4,C004663,new
ATT00203,秋のインテリア相談会,2026-12-02,S002,山田,学,山田 学,saitohideki@example.net,大分県,5,C013203,uppercase
ATT00204,春の新生活フェア,2026-02-11,S036,遠藤,智也,遠藤 智也,endomikako@example.net,愛媛県,4,C011494,new
ATT00205,春の新生活フェア,2026-06-10,S021,中島,裕樹,中島 裕樹,satomimatsuda@example.net,宮城県,4,C006938,exact
ATT00206,春の新生活フェア,2026-02-17,S009,木村,香織,木村 香織,kimurashota@example.com,滋賀県,5,C006917,new
ATT00207,キッチン用品試食会,2026-12-24,S047,山崎,洋介,山崎 洋介,kobayashiyuki@example.com,茨城県,3,C011086,exact
ATT00208,秋のインテリア相談会,2026-04-10,S047,伊藤,加奈,伊藤 加奈,yuki53@example.net,大阪府,1,C006465,exact
ATT00209,冬のあったか家電フェア,2026-05-17,S026,中村,美加子,中村 美加子,kaori01@example.org,群馬県,4,C001183,exact
ATT00210,キッチン用品試食会,2026-02-19,S050,後藤,太一,後藤 太一,tanakanaoko@example.org,神奈川県,4,C017706,new
ATT00211,春の新生活フェア,2026-11-19,S001,小川,康弘,小川 康弘,morimiki@example.org,山梨県,4,C000686,exact
ATT00212,春の新生活フェア,2026-04-07,S008,藤原,里佳,藤原 里佳,yuta54@example.com,奈良県,3,C005451,exact
ATT00213,夏の涼感体験会,2026-08-25,S007,松田,浩,松田 浩,yasuhiromaeda@example.com,青森県,4,C011588,exact
ATT00214,春の新生活フェア,2026-06-24,S001,池田,七夏,池田 七夏,bikeda@example.org,沖縄県,3,C008020,new
ATT00215,春の新生活フェア,2026-04-05,S002,三浦,和也,三浦 和也,yamaguchitakuma@example.org,佐賀県,3,C015255,exact
ATT00216,秋のインテリア相談会,2026-05-10,S031,前田,春香,前田 春香,yumikoyamashita@example.net,岡山県,4,C003797,fullwidth
ATT00217,秋のインテリア相談会,2026-06-06,S036,佐藤,さゆり,佐藤 さゆり,tyamazaki@example.com,京都府,5,C019505,new
ATT00218,春の新生活フェア,2026-03-24,S031,鈴木,加奈,鈴木 加奈,asuka57@example.com,鳥取県,4,C016646,fullwidth
ATT00219,春の新生活フェア,2026-08-17,S044,木村,幹,木村 幹,gotohanako@example.org,京都府,3,C012311,exact
ATT00220,春の新生活フェア,2026-02-06,S015,山下,裕太,山下 裕太,yokosato@example.com,和歌山県,5,C007955,exact
ATT00221,夏の涼感体験会,2026-03-01,S037,高橋,直人,高橋 直人,hasegawamikako@example.com,山梨県,5,C007391,new
ATT00222,秋のインテリア相談会,2026-03-27,S030,青木,知実,青木 知実,mhayashi@example.org,宮城県,4,C000822,exact
ATT00223,キッチン用品試食会,2026-05-31,S007,中村,修平,中村 修平,hashimotoyasuhiro@example.com,島根県,4,C007865,exact
ATT00224,夏の涼感体験会,2026-09-12,S041,高橋,聡太郎,高橋 聡太郎,tanakayoichi@example.org,高知県,5,C007331,exact
ATT00225,冬のあったか家電フェア,2026-03-05,S020,西村,裕美子,西村 裕美子,momoko06@example.net,長野県,5,C014691,new
ATT00226,冬のあったか家電フェア,2026-03-31,S022,中村,舞,中村 舞,ryamamoto@example.org,広島県,5,C011094,exact
ATT00227,夏の涼感体験会,2026-02-05,S027,清水,充,清水 充,okamotoasuka@example.net,宮城県,5,C009362,exact
ATT00228,冬のあったか家電フェア,2026-09-27,S020,山下,裕美子,山下 裕美子,yyoshida@example.net,岩手県,4,C011197,exact
ATT00229,キッチン用品試食会,2026-08-21,S013,山本,洋介,山本 洋介,matsudahanako@example.com,福井県,3,C003851,exact
ATT00230,キッチン用品試食会,2026-03-02,S012,吉田,稔,吉田 稔,asukayoshida@example.com,千葉県,2,C009596,exact
ATT00231,秋のインテリア相談会,2026-01-18,S041,三浦,春香,三浦 春香,sotaro77@example.org,山形県,3,C009806,new
ATT00232,夏の涼感体験会,2026-08-02,S050,佐藤,くみ子,佐藤 くみ子,tomoya13@example.org,高知県,2,C014725,exact
ATT00233,秋のインテリア相談会,2026-08-13,S001,高橋,七夏,高橋 七夏,takuma77@example.com,三重県,4,C012274,exact
ATT00234,春の新生活フェア,2026-11-18,S007,森,充,森 充,suzukiryosuke@example.net,山梨県,3,C019681,new
ATT00235,リニューアルオープン記念イベント,2026-08-06,S006,藤田,太郎,藤田 太郎,kanatanaka@example.org,鳥取県,4,C000782,exact
ATT00236,春の新生活フェア,2026-09-12,S034,福田,健一,福田 健一,inouenaoki@example.com,佐賀県,5,C005480,exact
ATT00237,秋のインテリア相談会,2026-01-28,S037,高橋,里佳,高橋 里佳,mikiyamada@example.org,京都府,4,C007081,exact
ATT00238,夏の涼感体験会,2026-11-20,S029,松本,真綾,松本 真綾,uyamaguchi@example.com,宮城県,5,C018737,exact
ATT00239,冬のあったか家電フェア,2026-10-30,S025,加藤,さゆり,加藤 さゆり,shotayoshida@example.net,東京都,5,C009592,exact
ATT00240,冬のあったか家電フェア,2026-11-18,S013,渡辺,直樹,渡辺 直樹,satokenichi@example.net,香川県,5,C013689,exact
ATT00241,春の新生活フェア,2026-10-17,S043,佐藤,京助,佐藤 京助,satoatsushi@example.org,愛媛県,3,C009922,exact
ATT00242,秋のインテリア相談会,2026-02-18,S008,長谷川,涼平,長谷川 涼平,taichifujiwara@example.com,福島県,5,C012704,exact
ATT00243,夏の涼感体験会,2026-08-26,S047,吉田,香織,吉田 香織,hiroshiokada@example.com,長野県,5,C008973,exact
ATT00244,冬のあったか家電フェア,2026-07-28,S017,山田,和也,山田 和也,maifujita@example.org,香川県,4,C010956,exact
ATT00245,冬のあったか家電フェア,2026-07-27,S010,中村,稔,中村 稔,naokiinoue@example.com,大分県,5,C012406,new
ATT00246,キッチン用品試食会,2026-04-11,S033,鈴木,花子,鈴木 花子,kaorigoto@example.com,京都府,3,C003209,exact
ATT00247,秋のインテリア相談会,2026-04-17,S044,池田,治,池田 治,shohei31@example.com,鹿児島県,3,C012731,new
ATT00248,秋のインテリア相談会,2026-04-16,S012,小川,春香,小川 春香,yutanakajima@example.org,茨城県,4,C004776,new
ATT00249,春の新生活フェア,2026-02-25,S027,松本,さゆり,松本 さゆり,naotoabe@example.org,大分県,1,C004728,exact
ATT00250,春の新生活フェア,2026-02-03,S022,中川,亮介,中川 亮介,katosotaro@example.org,高知県,5,C016404,new
ATT00251,キッチン用品試食会,2026-12-18,S017,山本,香織,山本 香織,kobayashiryosuke@example.net,大阪府,4,C008924,exact
ATT00252,夏の涼感体験会,2026-02-23,S034,小川,千代,小川 千代,wshimizu@example.org,新潟県,4,C017764,exact
ATT00253,キッチン用品試食会,2026-01-27,S042,中川,裕樹,中川 裕樹,osamuyoshida@example.com,宮城県,5,C002972,new
ATT00254,春の新生活フェア,2026-01-25,S009,坂本,直子,坂本 直子,otakenichi@example.net,北海道,4,C013220,exact
ATT00255,リニューアルオープン記念イベント,2026-11-22,S044,松田,陽一,松田 陽一,tsubasatanaka@example.org,大阪府,5,C010017,new
ATT00256,冬のあったか家電フェア,2026-01-08,S022,井上,健一,井上 健一,hanakofujita@example.com,滋賀県,4,C017893,exact
ATT00257,リニューアルオープン記念イベント,2026-02-19,S039,高橋,充,高橋 充,yasuhirohashimoto@example.com,福岡県,3,C004983,exact
ATT00258,冬のあったか家電フェア,2026-05-14,S029,清水,京助,清水 京助,itoryosuke@example.com,大阪府,3,C012190,new
ATT00259,春の新生活フェア,2026-05-21,S041,鈴木,真綾,鈴木 真綾,rei54@example.net,神奈川県,4,C003051,new
ATT00260,秋のインテリア相談会,2026-08-14,S040,中村,裕太,中村 裕太,taichi80@example.org,京都府,4,C015803,exact
ATT00261,キッチン用品試食会,2026-12-07,S043,鈴木,拓真,鈴木 拓真,maiyamamoto@example.net,富山県,3,C005492,exact
ATT00262,春の新生活フェア,2026-05-14,S028,井上,零,井上 零,hiroshi82@example.org,東京都,4,C005200,exact
ATT00263,秋のインテリア相談会,2026-07-01,S024,加藤,零,加藤 零,gyamamoto@example.com,山口県,3,C011858,exact
ATT00264,夏の涼感体験会,2026-09-09,S027,吉田,太郎,吉田 太郎,anakamura@example.org,茨城県,5,C007037,exact
ATT00265,秋のインテリア相談会,2026-02-11,S007,中島,知実,中島 知実,fujiwaranaoko@example.org,島根県,5,C013363,new
ATT00266,秋のインテリア相談会,2026-07-01,S040,渡辺,明美,渡辺 明美,tanakataichi@example.com,群馬県,4,C016694,exact
ATT00267,冬のあったか家電フェア,2026-02-21,S022,佐藤,健一,佐藤 健一,satomikato@example.net,富山県,4,C007362,exact
ATT00268,秋のインテリア相談会,2026-10-30,S047,遠藤,洋介,遠藤 洋介,sotaro29@example.net,長野県,5,C008083,new
ATT00269,春の新生活フェア,2026-12-18,S038,山田,幹,山田 幹,otasayuri@example.net,長野県,4,C006944,exact
ATT00270,夏の涼感体験会,2026-02-14,S004,小川,舞,小川 舞,yamaguchichiyo@example.net,徳島県,2,C017294,exact
ATT00271,夏の涼感体験会,2026-12-01,S030,井上,亮介,井上 亮介,akemiabe@example.org,徳島県,4,C004490,space
ATT00272,夏の涼感体験会,2026-03-30,S041,鈴木,陽子,鈴木 陽子,atsushi91@example.net,福島県,4,C013080,new
ATT00273,リニューアルオープン記念イベント,2026-09-18,S032,高橋,治,高橋 治,jwatanabe@example.com,山梨県,3,C004687,exact
ATT00274,秋のインテリア相談会,2026-05-27,S030,渡辺,智也,渡辺 智也,asuka71@example.net,長野県,4,C016732,new
ATT00275,キッチン用品試食会,2026-06-12,S046,佐藤,浩,佐藤 浩,harukaendo@example.net,岐阜県,3,C007655,exact
ATT00276,秋のインテリア相談会,2026-08-02,S016,伊藤,美加子,伊藤 美加子,maimurakami@example.org,宮崎県,3,C007711,exact
ATT00277,秋のインテリア相談会,2026-07-31,S023,鈴木,花子,鈴木 花子,chiyosakamoto@example.org,兵庫県,5,C017814,new
ATT00278,春の新生活フェア,2026-06-21,S036,三浦,太郎,三浦 太郎,naotohayashi@example.com,岡山県,3,C007455,exact
ATT00279,春の新生活フェア,2026-02-24,S045,近藤,浩,近藤 浩,yukitanaka@example.net,山口県,3,C001640,exact
ATT00280,夏の涼感体験会,2026-11-06,S003,山口,康弘,山口 康弘,mikako56@example.net,和歌山県,4,C013863,exact
ATT00281,秋のインテリア相談会,2026-09-17,S016,山崎,明美,山崎 明美,naotomatsumoto@example.com,福井県,3,C018835,exact
ATT00282,春の新生活フェア,2026-11-05,S011,斎藤,充,斎藤 充,vtanaka@example.com,群馬県,4,C005450,exact
ATT00283,冬のあったか家電フェア,2026-05-20,S002,中村,桃子,中村 桃子,ryoheiogawa@example.org,岡山県,4,C003061,exact
ATT00284,キッチン用品試食会,2026-01-19,S030,後藤,智也,後藤 智也,miki40@example.com,愛知県,4,C009057,exact
ATT00285,春の新生活フェア,2026-11-17,S006,鈴木,亮介,鈴木 亮介,gsuzuki@example.net,和歌山県,4,C000298,exact
ATT00286,春の新生活フェア,2026-01-12,S049,山田,英樹,山田 英樹,nakamuranaoko@example.org,山口県,5,C008361,new
ATT00287,キッチン用品試食会,2026-07-24,S010,鈴木,康弘,鈴木 康弘,gito@example.net,山形県,4,C003139,new
ATT00288,夏の涼感体験会,2026-05-12,S042,高橋,裕美子,高橋 裕美子,satomanabu@example.org,神奈川県,3,C004275,exact
ATT00289,春の新生活フェア,2026-07-19,S035,高橋,くみ子,高橋 くみ子,kaori57@example.net,埼玉県,4,C004033,exact
ATT00290,キッチン用品試食会,2026-10-08,S013,福田,洋介,福田 洋介,hideki55@example.org,鹿児島県,4,C019289,new
ATT00291,春の新生活フェア,2026-12-07,S015,藤田,英樹,藤田 英樹,yamamotosotaro@example.net,長野県,5,C007930,new
ATT00292,秋のインテリア相談会,2026-06-28,S046,鈴木,太郎,鈴木 太郎,mikako91@example.com,大阪府,5,C018975,exact
ATT00293,冬のあったか家電フェア,2026-06-11,S004,前田,亮介,前田 亮介,kimurakenichi@example.net,愛知県,4,C011957,exact
ATT00294,夏の涼感体験会,2026-04-10,S016,斎藤,聡太郎,斎藤 聡太郎,naotoyamamoto@example.com,沖縄県,4,C003483,exact
ATT00295,冬のあったか家電フェア,2026-08-16,S004,橋本,陽子,橋本 陽子,yamamotoosamu@example.org,高知県,5,C018969,exact
ATT00296,夏の涼感体験会,2026-11-06,S043,木村,真綾,木村 真綾,mai52@example.com,山形県,4,C000901,uppercase
ATT00297,キッチン用品試食会,2026-11-03,S012,山本,直樹,山本 直樹,hashimotokazuya@example.org,広島県,4,C004709,exact
ATT00298,夏の涼感体験会,2026-10-07,S019,伊藤,舞,伊藤 舞,kumiko12@example.com,大分県,3,C018887,new
ATT00299,秋のインテリア相談会,2026-08-21,S027,加藤,幹,加藤 幹,fujiitakuma@example.org,福岡県,4,C018968,exact
ATT00300,夏の涼感体験会,2026-07-09,S050,伊藤,太郎,伊藤 太郎,abekana@example.com,長野県,3,C006863,exact
ATT00301,リニューアルオープン記念イベント,2026-10-10,S045,加藤,英樹,加藤 英樹,msato@example.com,大分県,5,C013796,exact
ATT00302,春の新生活フェア,2026-05-21,S014,福田,香織,福田 香織,minorusato@example.org,埼玉県,3,C002557,exact
ATT00303,夏の涼感体験会,2026-02-20,S011,井上,花子,井上 花子,dsuzuki@example.net,北海道,5,C009474,new
ATT00304,秋のインテリア相談会,2026-07-20,S018,三浦,直人,三浦 直人,fujitamanabu@example.org,福島県,3,C006595,exact
ATT00305,夏の涼感体験会,2026-08-17,S044,藤田,康弘,藤田 康弘,miki45@example.org,長野県,1,C009555,new
ATT00306,夏の涼感体験会,2026-04-03,S035,松本,修平,松本 修平,bsato@example.net,佐賀県,2,C013083,new
ATT00307,冬のあったか家電フェア,2026-07-24,S014,松田,京助,松田 京助,mikakotanaka@example.com,茨城県,3,C004509,exact
ATT00308,冬のあったか家電フェア,2026-04-10,S034,田中,陽一,田中 陽一,akira75@example.net,愛媛県,4,C017201,exact
ATT00309,春の新生活フェア,2026-12-04,S024,松田,花子,松田 花子,suzukiyuta@example.com,三重県,5,C007869,exact
ATT00310,春の新生活フェア,2026-05-22,S049,加藤,智也,加藤 智也,pmaeda@example.net,岩手県,3,C019928,new
ATT00311,春の新生活フェア,2026-06-14,S017,田中,あすか,田中 あすか,yamashitamai@example.com,佐賀県,5,C009988,exact
ATT00312,リニューアルオープン記念イベント,2026-03-03,S043,佐々木,淳,佐々木 淳,suzukinaoto@example.net,群馬県,4,C008659,exact
ATT00313,春の新生活フェア,2026-09-04,S023,鈴木,亮介,鈴木 亮介,shoheisuzuki@example.net,熊本県,3,C007746,exact
ATT00314,春の新生活フェア,2026-07-26,S044,斎藤,香織,斎藤 香織,haruka14@example.org,滋賀県,4,C002687,exact
ATT00315,秋のインテリア相談会,2026-07-21,S036,伊藤,香織,伊藤 香織,naokokobayashi@example.org,山形県,3,C012356,exact
ATT00316,夏の涼感体験会,2026-11-25,S018,山本,太郎,山本 太郎,ryohei59@example.com,熊本県,5,C019778,exact
ATT00317,春の新生活フェア,2026-03-01,S024,中村,舞,中村 舞,yumiko56@example.net,熊本県,4,C003851,new
ATT00318,秋のインテリア相談会,2026-02-03,S029,渡辺,零,渡辺 零,kenichi51@example.com,兵庫県,4,C005502,new
ATT00319,秋のインテリア相談会,2026-01-19,S030,村上,千代,村上 千代,shimizusatomi@example.org,東京都,3,C000778,exact
ATT00320,秋のインテリア相談会,2026-02-11,S026,中島,充,中島 充,kenichisato@example.com,徳島県,1,C013893,exact
ATT00321,キッチン用品試食会,2026-05-07,S018,田中,桃子,田中 桃子,oota@example.net,愛知県,5,C016968,exact
ATT00322,キッチン用品試食会,2026-10-05,S047,小林,零,小林 零,shimizutakuma@example.com,宮崎県,4,C015260,exact
ATT00323,夏の涼感体験会,2026-02-25,S042,井上,加奈,井上 加奈,miturutanaka@example.org,沖縄県,5,C008218,exact
ATT00324,秋のインテリア相談会,2026-06-21,S011,藤原,和也,藤原 和也,kenichiwatanabe@example.com,栃木県,4,C002329,exact
ATT00325,春の新生活フェア,2026-07-02,S002,長谷川,拓真,長谷川 拓真,ksaito@example.org,北海道,1,C009519,new
ATT00326,キッチン用品試食会,2026-07-12,S013,山口,直子,山口 直子,maayahayashi@example.org,岩手県,2,C015644,exact
ATT00327,春の新生活フェア,2026-09-03,S032,佐々木,陽子,佐々木 陽子,yui81@example.org,宮城県,4,C014881,exact
ATT00328,秋のインテリア相談会,2026-07-31,S025,松本,晃,松本 晃,yokosuzuki@example.org,福岡県,3,C010597,exact
ATT00329,春の新生活フェア,2026-01-08,S034,渡辺,拓真,渡辺 拓真,rikasuzuki@example.net,三重県,3,C001136,exact
ATT00330,キッチン用品試食会,2026-01-28,S016,鈴木,康弘,鈴木 康弘,saitomomoko@example.org,秋田県,1,C007103,exact
ATT00331,キッチン用品試食会,2026-02-01,S046,橋本,里佳,橋本 里佳,suzukiryohei@example.com,青森県,4,C014913,exact
ATT00332,夏の涼感体験会,2026-06-02,S050,渡辺,学,渡辺 学,cfujii@example.com,岩手県,3,C000640,new
ATT00333,冬のあったか家電フェア,2026-12-02,S026,佐藤,浩,佐藤 浩,mikako16@example.com,岩手県,5,C019002,exact
ATT00334,冬のあったか家電フェア,2026-09-26,S050,加藤,知実,加藤 知実,hashimotokenichi@example.org,岐阜県,5,C009406,new
ATT00335,秋のインテリア相談会,2026-03-02,S050,石川,裕美子,石川 裕美子,yamamotochiyo@example.org,兵庫県,3,C007269,exact
ATT00336,春の新生活フェア,2026-07-30,S003,岡本,太一,岡本 太一,eyamazaki@example.net,沖縄県,4,C013780,exact
ATT00337,冬のあったか家電フェア,2026-08-27,S003,高橋,直子,高橋 直子,ryoheishimizu@example.org,長野県,4,C015335,exact
ATT00338,秋のインテリア相談会,2026-01-17,S050,伊藤,陽一,伊藤 陽一,sfujita@example.net,北海道,5,C013844,exact
ATT00339,秋のインテリア相談会,2026-10-04,S035,松本,千代,松本 千代,dgoto@example.net,大分県,4,C014428,new
ATT00340,春の新生活フェア,2026-07-17,S011,阿部,淳,阿部 淳,rikaogawa@example.com,徳島県,5,C005725,new
ATT00341,冬のあったか家電フェア,2026-04-01,S021,清水,太郎,清水 太郎,yuki27@example.org,愛媛県,5,C012171,exact
ATT00342,キッチン用品試食会,2026-04-01,S033,田中,直人,田中 直人,tsubasa12@example.com,奈良県,4,C007197,exact
ATT00343,春の新生活フェア,2026-05-26,S038,藤原,充,藤原 充,taichi50@example.com,富山県,4,C012213,exact
ATT00344,キッチン用品試食会,2026-05-09,S049,藤原,直子,藤原 直子,rika69@example.com,滋賀県,5,C007599,new
ATT00345,冬のあったか家電フェア,2026-04-05,S017,渡辺,修平,渡辺 修平,naokisasaki@example.org,高知県,5,C017620,exact
ATT00346,冬のあったか家電フェア,2026-07-06,S018,松田,花子,松田 花子,saitosotaro@example.org,千葉県,4,C004316,exact
ATT00347,キッチン用品試食会,2026-04-28,S004,小林,直樹,小林 直樹,maayaito@example.com,福井県,5,C012064,exact
ATT00348,夏の涼感体験会,2026-02-18,S023,後藤,英樹,後藤 英樹,maayatanaka@example.com,徳島県,4,C015009,exact
ATT00349,春の新生活フェア,2026-05-04,S041,斉藤,あすか,斉藤 あすか,psaito@example.org,高知県,4,C004594,exact
ATT00350,キッチン用品試食会,2026-09-01,S022,山本,裕太,山本 裕太,endomai@example.org,福岡県,2,C016966,exact
ATT00351,キッチン用品試食会,2026-10-23,S042,山下,太郎,山下 太郎,hasegawakana@example.org,富山県,5,C004183,exact
ATT00352,冬のあったか家電フェア,2026-10-27,S050,佐藤,真綾,佐藤 真綾,harukainoue@example.com,兵庫県,4,C012114,exact
ATT00353,秋のインテリア相談会,2026-11-02,S013,伊藤,翼,伊藤 翼,yamashitayasuhiro@example.org,高知県,1,C013915,new
ATT00354,春の新生活フェア,2026-02-25,S024,西村,裕樹,西村 裕樹,nyamazaki@example.net,福井県,5,C015272,exact
ATT00355,冬のあったか家電フェア,2026-08-26,S031,山本,涼平,山本 涼平,momoko82@example.com,鳥取県,5,C001403,exact
ATT00356,夏の涼感体験会,2026-09-11,S003,佐々木,学,佐々木 学,kondonaoto@example.org,島根県,5,C006279,new
ATT00357,夏の涼感体験会,2026-01-10,S047,高橋,稔,高橋 稔,mikako47@example.org,高知県,5,C003809,new
ATT00358,春の新生活フェア,2026-09-22,S049,斉藤,陽子,斉藤 陽子,jsasaki@example.net,宮城県,5,C001418,exact
ATT00359,キッチン用品試食会,2026-01-25,S042,松本,里佳,松本 里佳,hasegawayumiko@example.org,鳥取県,1,C000275,exact
ATT00360,春の新生活フェア,2026-10-08,S003,岡田,翔太,岡田 翔太,morimituru@example.com,島根県,4,C002409,new
ATT00361,春の新生活フェア,2026-03-22,S044,山口,拓真,山口 拓真,sayuriabe@example.org,山梨県,4,C008874,exact
ATT00362,冬のあったか家電フェア,2026-02-26,S031,加藤,篤司,加藤 篤司,tanakaosamu@example.org,京都府,3,C017651,new
ATT00363,春の新生活フェア,2026-10-25,S007,加藤,くみ子,加藤 くみ子,matsumotomanabu@example.org,山形県,5,C007639,exact
ATT00364,春の新生活フェア,2026-11-14,S020,鈴木,聡太郎,鈴木 聡太郎,kobayashihideki@example.com,静岡県,2,C012657,new
ATT00365,春の新生活フェア,2026-11-17,S043,伊藤,裕樹,伊藤 裕樹,tishikawa@example.net,宮崎県,3,C012340,exact
ATT00366,春の新生活フェア,2026-07-16,S012,吉田,康弘,吉田 康弘,nakamuranaoko@example.com,山梨県,4,C010436,fullwidth
ATT00367,春の新生活フェア,2026-07-25,S047,井上,結衣,井上 結衣,reinishimura@example.net,奈良県,5,C008086,new
ATT00368,冬のあったか家電フェア,2026-08-11,S006,吉田,学,吉田 学,iwatanabe@example.net,福岡県,5,C015064,exact
ATT00369,夏の涼感体験会,2026-01-05,S025,木村,陽子,木村 陽子,psaito@example.org,沖縄県,4,C009328,exact
ATT00370,春の新生活フェア,2026-12-05,S012,佐藤,浩,佐藤 浩,kaori27@example.org,山口県,5,C008201,new
ATT00371,冬のあったか家電フェア,2026-07-19,S022,山口,亮介,山口 亮介,akirainoue@example.com,東京都,4,C004491,exact
ATT00372,秋のインテリア相談会,2026-07-07,S038,高橋,直人,高橋 直人,msaito@example.org,島根県,4,C002721,exact
ATT00373,秋のインテリア相談会,2026-12-05,S045,石井,洋介,石井 洋介,kobayashikyosuke@example.net,滋賀県,3,C016524,new
ATT00374,リニューアルオープン記念イベント,2026-08-17,S039,西村,裕太,西村 裕太,xsuzuki@example.com,岡山県,5,C011499,new
ATT00375,春の新生活フェア,2026-04-24,S004,井上,治,井上 治,kumiko16@example.com,沖縄県,4,C019983,exact
ATT00376,夏の涼感体験会,2026-04-09,S029,吉田,幹,吉田 幹,yoichi15@example.net,福井県,4,C008910,exact
ATT00377,冬のあったか家電フェア,2026-12-07,S002,佐藤,稔,佐藤 稔,naoko81@example.com,島根県,5,C007371,new
ATT00378,春の新生活フェア,2026-06-20,S049,中島,裕太,中島 裕太,yamaguchisayuri@example.com,北海道,3,C002711,exact
ATT00379,春の新生活フェア,2026-10-17,S045,近藤,充,近藤 充,twatanabe@example.net,大阪府,4,C001971,exact
ATT00380,冬のあったか家電フェア,2026-01-27,S033,小林,裕樹,小林 裕樹,thasegawa@example.org,富山県,3,C013322,exact
ATT00381,春の新生活フェア,2026-11-17,S010,井上,亮介,井上 亮介,csuzuki@example.com,茨城県,4,C015608,exact
ATT00382,キッチン用品試食会,2026-07-18,S044,藤田,修平,藤田 修平,rei45@example.com,石川県,5,C018115,exact
ATT00383,春の新生活フェア,2026-07-20,S003,中川,香織,中川 香織,kaori80@example.org,大分県,5,C016469,new
ATT00384,キッチン用品試食会,2026-12-18,S013,佐藤,春香,佐藤 春香,yukisuzuki@example.org,東京都,5,C002800,exact
ATT00385,春の新生活フェア,2026-09-26,S034,石川,裕樹,石川 裕樹,yuiikeda@example.com,埼玉県,4,C005016,exact
ATT00386,秋のインテリア相談会,2026-05-24,S004,小林,陽一,小林 陽一,xyoshida@example.com,埼玉県,4,C001920,exact
ATT00387,冬のあったか家電フェア,2026-10-25,S033,鈴木,くみ子,鈴木 くみ子,yuigoto@example.com,栃木県,4,C018700,exact
ATT00388,冬のあったか家電フェア,2026-02-06,S045,山本,桃子,山本 桃子,tsuzuki@example.net,千葉県,4,C009654,exact
ATT00389,秋のインテリア相談会,2026-05-18,S007,佐々木,亮介,佐々木 亮介,ikedamaaya@example.net,岡山県,4,C005488,new
ATT00390,秋のインテリア相談会,2026-09-21,S020,高橋,篤司,高橋 篤司,abenanami@example.org,鳥取県,5,C001718,exact
ATT00391,夏の涼感体験会,2026-06-13,S019,橋本,直人,橋本 直人,itohideki@example.com,島根県,2,C008499,exact
ATT00392,夏の涼感体験会,2026-12-07,S032,松本,太一,松本 太一,yutayamaguchi@example.org,栃木県,4,C007076,exact
ATT00393,夏の涼感体験会,2026-12-30,S018,岡田,裕太,岡田 裕太,gabe@example.com,北海道,4,C002971,new
ATT00394,春の新生活フェア,2026-12-10,S024,林,淳,林 淳,ryosukeyamaguchi@example.net,京都府,4,C001612,exact
ATT00395,夏の涼感体験会,2026-06-04,S029,中島,拓真,中島 拓真,ksasaki@example.org,徳島県,5,C000341,exact
ATT00396,秋のインテリア相談会,2026-03-23,S025,鈴木,花子,鈴木 花子,ogawaakira@example.org,愛知県,3,C008178,new
ATT00397,冬のあったか家電フェア,2026-11-25,S039,斉藤,英樹,斉藤 英樹,ytakahashi@example.org,奈良県,5,C010172,exact
ATT00398,冬のあったか家電フェア,2026-04-15,S002,斎藤,健一,斎藤 健一,tomoya01@example.com,鹿児島県,3,C007968,exact
ATT00399,冬のあったか家電フェア,2026-01-20,S027,渡辺,舞,渡辺 舞,fsuzuki@example.org,奈良県,5,C007657,new
ATT00400,秋のインテリア相談会,2026-09-19,S043,太田,七夏,太田 七夏,ogawahideki@example.org,鹿児島県,3,C015205,exact
ATT00401,秋のインテリア相談会,2026-01-03,S018,池田,里佳,池田 里佳,sasakikana@example.org,青森県,5,C009771,new
ATT00402,秋のインテリア相談会,2026-11-25,S042,佐藤,幹,佐藤 幹,akirashimizu@example.net,鹿児島県,5,C002694,exact
ATT00403,夏の涼感体験会,2026-06-10,S035,田中,淳,田中 淳,sakamotoasuka@example.com,新潟県,3,C004477,exact
ATT00404,春の新生活フェア,2026-01-08,S012,吉田,洋介,吉田 洋介,sotaro43@example.net,愛知県,3,C016709,exact
ATT00405,秋のインテリア相談会,2026-06-11,S007,山崎,直樹,山崎 直樹,ogawananami@example.org,徳島県,5,C009978,new
ATT00406,夏の涼感体験会,2026-11-06,S005,渡辺,智也,渡辺 智也,minoru45@example.org,山梨県,4,C003940,exact
ATT00407,冬のあったか家電フェア,2026-05-30,S040,青木,浩,青木 浩,dkato@example.com,青森県,3,C012366,exact
ATT00408,秋のインテリア相談会,2026-05-23,S006,伊藤,幹,伊藤 幹,yamadashohei@example.net,新潟県,4,C010383,exact
ATT00409,秋のインテリア相談会,2026-12-27,S013,佐藤,千代,佐藤 千代,yuki88@example.com,東京都,3,C008655,exact
ATT00410,春の新生活フェア,2026-03-13,S039,吉田,結衣,吉田 結衣,akirakato@example.com,滋賀県,3,C008204,exact
ATT00411,冬のあったか家電フェア,2026-03-16,S031,斎藤,晃,斎藤 晃,ryamada@example.org,福岡県,5,C019411,exact
ATT00412,春の新生活フェア,2026-04-21,S008,斉藤,春香,斉藤 春香,watanabetsubasa@example.com,鳥取県,4,C001464,exact
ATT00413,冬のあったか家電フェア,2026-09-12,S034,高橋,洋介,高橋 洋介,kimuramikako@example.net,宮城県,5,C009023,exact
ATT00414,キッチン用品試食会,2026-12-27,S003,佐藤,七夏,佐藤 七夏,taichi42@example.com,島根県,4,C001050,exact
ATT00415,キッチン用品試食会,2026-09-27,S049,鈴木,智也,鈴木 智也,yoichiyamamoto@example.com,長崎県,5,C002094,new
ATT00416,春の新生活フェア,2026-08-02,S015,中村,直子,中村 直子,minoru88@example.com,岩手県,5,C010610,new
ATT00417,秋のインテリア相談会,2026-04-07,S026,山田,加奈,山田 加奈,aokimanabu@example.net,岩手県,4,C005730,new
ATT00418,冬のあったか家電フェア,2026-01-01,S017,佐々木,知実,佐々木 知実,tsubasa52@example.com,兵庫県,1,C018217,new
ATT00419,リニューアルオープン記念イベント,2026-07-26,S043,山田,康弘,山田 康弘,yoichi81@example.com,京都府,5,C012758,space
ATT00420,キッチン用品試食会,2026-02-08,S011,伊藤,明美,伊藤 明美,kaoriota@example.com,秋田県,3,C019387,exact
ATT00421,春の新生活フェア,2026-04-16,S008,田中,春香,田中 春香,takuma17@example.org,静岡県,4,C005159,exact
ATT00422,夏の涼感体験会,2026-05-29,S023,西村,充,西村 充,hasegawarika@example.com,徳島県,2,C011130,new
ATT00423,冬のあったか家電フェア,2026-04-11,S033,田中,零,田中 零,ctakahashi@example.org,三重県,4,C014849,new
ATT00424,春の新生活フェア,2026-08-26,S040,三浦,真綾,三浦 真綾,ishiiyumiko@example.com,京都府,5,C017450,new
ATT00425,夏の涼感体験会,2026-01-06,S045,鈴木,零,鈴木 零,chiyosato@example.org,愛媛県,5,C008340,new
ATT00426,春の新生活フェア,2026-04-04,S026,木村,治,木村 治,kogawa@example.org,兵庫県,2,C017601,new
ATT00427,春の新生活フェア,2026-05-10,S021,佐藤,聡太郎,佐藤 聡太郎,pyamaguchi@example.net,岡山県,5,C009168,exact
ATT00428,夏の涼感体験会,2026-12-02,S031,山口,真綾,山口 真綾,itojun@example.com,北海道,3,C013922,exact
ATT00429,夏の涼感体験会,2026-11-27,S031,山本,聡太郎,山本 聡太郎,hanako29@example.com,熊本県,4,C018761,uppercase
ATT00430,春の新生活フェア,2026-07-21,S042,加藤,加奈,加藤 加奈,wsato@example.net,山梨県,4,C006957,exact
ATT00431,春の新生活フェア,2026-11-09,S006,三浦,浩,三浦 浩,kyosuke10@example.org,山梨県,4,C005056,exact
ATT00432,冬のあったか家電フェア,2026-05-20,S045,三浦,晃,三浦 晃,atsushi97@example.net,福岡県,4,C015251,new
ATT00433,冬のあったか家電フェア,2026-02-24,S047,山田,聡太郎,山田 聡太郎,shotatakahashi@example.com,鹿児島県,5,C006398,exact
ATT00434,春の新生活フェア,2026-03-15,S047,鈴木,拓真,鈴木 拓真,yuta20@example.org,島根県,2,C006019,exact
ATT00435,春の新生活フェア,2026-12-20,S036,加藤,亮介,加藤 亮介,pinoue@example.net,富山県,1,C012545,new
ATT00436,夏の涼感体験会,2026-04-20,S015,石川,和也,石川 和也,vnakamura@example.net,宮崎県,1,C016705,exact
ATT00437,夏の涼感体験会,2026-04-02,S017,中村,あすか,中村 あすか,watanabeyuki@example.org,岩手県,5,C005480,new
ATT00438,冬のあったか家電フェア,2026-10-26,S042,藤原,智也,藤原 智也,itojun@example.net,東京都,5,C011235,new
ATT00439,夏の涼感体験会,2026-03-14,S046,田中,太一,田中 太一,xsuzuki@example.org,宮城県,3,C011049,new
ATT00440,冬のあったか家電フェア,2026-11-23,S002,佐藤,京助,佐藤 京助,nmatsuda@example.org,神奈川県,5,C000437,space
ATT00441,春の新生活フェア,2026-10-26,S039,山崎,聡太郎,山崎 聡太郎,kinoue@example.net,奈良県,2,C002299,exact
ATT00442,リニューアルオープン記念イベント,2026-02-21,S032,藤田,充,藤田 充,sotarohasegawa@example.com,北海道,3,C018579,exact
ATT00443,キッチン用品試食会,2026-05-21,S044,山崎,美加子,山崎 美加子,jsato@example.com,茨城県,3,C002252,exact
ATT00444,秋のインテリア相談会,2026-10-17,S015,岡田,香織,岡田 香織,yasuhiro18@example.org,香川県,4,C009802,exact
ATT00445,キッチン用品試食会,2026-04-17,S001,佐藤,陽一,佐藤 陽一,reiyamashita@example.net,山形県,2,C003433,exact
ATT00446,春の新生活フェア,2026-02-10,S002,清水,和也,清水 和也,satomishimizu@example.com,群馬県,1,C015476,exact
ATT00447,秋のインテリア相談会,2026-05-08,S005,後藤,京助,後藤 京助,yokomatsumoto@example.net,高知県,3,C007822,new
ATT00448,秋のインテリア相談会,2026-04-14,S043,田中,あすか,田中 あすか,kanainoue@example.net,熊本県,4,C002678,exact
ATT00449,秋のインテリア相談会,2026-10-20,S042,小林,翔太,小林 翔太,xsasaki@example.net,京都府,4,C016262,exact
ATT00450,リニューアルオープン記念イベント,2026-10-17,S017,小川,裕美子,小川 裕美子,taro95@example.net,滋賀県,3,C019462,exact
ATT00451,キッチン用品試食会,2026-05-26,S025,山田,智也,山田 智也,minoru07@example.com,岡山県,4,C008782,exact
ATT00452,秋のインテリア相談会,2026-07-06,S020,橋本,美加子,橋本 美加子,takumasato@example.com,高知県,3,C007471,new
ATT00453,キッチン用品試食会,2026-12-01,S020,斎藤,聡太郎,斎藤 聡太郎,gtanaka@example.net,山口県,1,C014907,new
ATT00454,キッチン用品試食会,2026-11-09,S048,渡辺,英樹,渡辺 英樹,osamukimura@example.net,佐賀県,4,C015222,exact
ATT00455,春の新生活フェア,2026-09-27,S020,山崎,裕美子,山崎 裕美子,minoru08@example.org,北海道,4,C001943,new
ATT00456,冬のあったか家電フェア,2026-01-19,S038,斎藤,直樹,斎藤 直樹,hiroshi34@example.org,東京都,5,C002338,new
ATT00457,秋のインテリア相談会,2026-08-22,S042,田中,直子,田中 直子,ghayashi@example.net,福井県,5,C004041,exact
ATT00458,冬のあったか家電フェア,2026-06-22,S013,佐藤,さゆり,佐藤 さゆり,kaori58@example.net,和歌山県,5,C007723,exact
ATT00459,キッチン用品試食会,2026-03-27,S047,斎藤,和也,斎藤 和也,suzukishota@example.net,静岡県,4,C012350,uppercase
ATT00460,春の新生活フェア,2026-05-28,S021,高橋,知実,高橋 知実,maaya44@example.net,愛媛県,4,C019557,exact
ATT00461,春の新生活フェア,2026-07-30,S002,西村,直樹,西村 直樹,nakamuraharuka@example.org,東京都,4,C014305,new
ATT00462,春の新生活フェア,2026-08-22,S010,松田,太一,松田 太一,satomi92@example.net,山梨県,2,C001290,exact
ATT00463,春の新生活フェア,2026-02-03,S028,渡辺,太一,渡辺 太一,hideki36@example.org,千葉県,4,C013073,new
ATT00464,春の新生活フェア,2026-05-19,S023,村上,篤司,村上 篤司,ptanaka@example.com,鳥取県,4,C001607,new
ATT00465,秋のインテリア相談会,2026-04-02,S040,山本,智也,山本 智也,sasakinaoko@example.com,滋賀県,2,C005792,new
ATT00466,春の新生活フェア,2026-09-13,S020,藤田,翼,藤田 翼,satokumiko@example.org,佐賀県,5,C013560,exact
ATT00467,夏の涼感体験会,2026-04-07,S035,石井,修平,石井 修平,yasuhiro08@example.com,熊本県,5,C019440,exact
ATT00468,冬のあったか家電フェア,2026-10-22,S034,石川,里佳,石川 里佳,rika73@example.net,滋賀県,5,C011731,exact
ATT00469,夏の涼感体験会,2026-11-04,S040,岡本,結衣,岡本 結衣,suzukitaro@example.net,鹿児島県,4,C001914,exact
ATT00470,夏の涼感体験会,2026-10-15,S008,藤田,美加子,藤田 美加子,taro24@example.net,秋田県,3,C002027,new
ATT00471,春の新生活フェア,2026-08-15,S046,中島,京助,中島 京助,bkato@example.net,長野県,3,C004815,exact
ATT00472,夏の涼感体験会,2026-07-24,S004,木村,花子,木村 花子,tomoyafukuda@example.com,熊本県,5,C017584,new
ATT00473,リニューアルオープン記念イベント,2026-01-14,S015,佐藤,零,佐藤 零,akemiokada@example.org,奈良県,2,C006056,new
ATT00474,秋のインテリア相談会,2026-02-05,S034,太田,和也,太田 和也,mituru16@example.org,宮城県,4,C015091,new
ATT00475,キッチン用品試食会,2026-11-06,S047,前田,知実,前田 知実,ryoheimori@example.org,北海道,4,C016033,exact
ATT00476,冬のあったか家電フェア,2026-06-07,S045,佐藤,浩,佐藤 浩,yutafujiwara@example.org,北海道,4,C006478,exact
ATT00477,夏の涼感体験会,2026-01-03,S037,高橋,稔,高橋 稔,tsubasa55@example.org,北海道,5,C001154,uppercase
ATT00478,春の新生活フェア,2026-05-28,S025,山崎,裕太,山崎 裕太,katotaichi@example.com,徳島県,5,C008385,new
ATT00479,春の新生活フェア,2026-05-14,S036,松本,聡太郎,松本 聡太郎,fhayashi@example.com,宮城県,4,C016305,exact
ATT00480,冬のあったか家電フェア,2026-11-03,S010,中村,太一,中村 太一,faoki@example.com,三重県,4,C019295,exact
ATT00481,夏の涼感体験会,2026-04-18,S042,鈴木,香織,鈴木 香織,kazuyamatsuda@example.net,佐賀県,4,C007351,new
ATT00482,春の新生活フェア,2026-11-07,S033,山下,舞,山下 舞,nanami40@example.org,島根県,2,C001864,exact
ATT00483,秋のインテリア相談会,2026-11-23,S012,前田,太一,前田 太一,naoki34@example.com,茨城県,5,C013911,new
ATT00484,春の新生活フェア,2026-09-23,S030,阿部,淳,阿部 淳,chiyomori@example.net,鳥取県,2,C008361,new
ATT00485,夏の涼感体験会,2026-03-03,S005,清水,花子,清水 花子,takahashitsubasa@example.com,愛知県,5,C018988,exact
ATT00486,春の新生活フェア,2026-10-04,S003,前田,康弘,前田 康弘,osamu55@example.org,茨城県,4,C014641,new
ATT00487,秋のインテリア相談会,2026-03-25,S020,藤田,里佳,藤田 里佳,hanako60@example.com,福岡県,4,C008763,new
ATT00488,秋のインテリア相談会,2026-10-16,S029,山本,あすか,山本 あすか,fujitashota@example.org,千葉県,4,C018683,exact
ATT00489,春の新生活フェア,2026-11-14,S029,鈴木,稔,鈴木 稔,moriatsushi@example.com,宮崎県,4,C016284,exact
ATT00490,秋のインテリア相談会,2026-07-30,S013,高橋,浩,高橋 浩,kumikoyamamoto@example.org,三重県,2,C012959,exact
ATT00491,秋のインテリア相談会,2026-10-25,S033,佐藤,智也,佐藤 智也,kobayashiharuka@example.net,千葉県,5,C014413,exact
ATT00492,秋のインテリア相談会,2026-08-15,S040,吉田,陽子,吉田 陽子,akirahayashi@example.com,香川県,3,C010211,exact
ATT00493,春の新生活フェア,2026-12-15,S031,山本,京助,山本 京助,rsakamoto@example.org,宮崎県,5,C000808,exact
ATT00494,秋のインテリア相談会,2026-10-15,S007,清水,稔,清水 稔,kumiko01@example.net,福岡県,5,C012090,new
ATT00495,リニューアルオープン記念イベント,2026-04-02,S026,鈴木,裕太,鈴木 裕太,qyamashita@example.org,三重県,2,C001768,new
ATT00496,冬のあったか家電フェア,2026-11-12,S040,石井,香織,石井 香織,sotaro43@example.net,群馬県,2,C018409,uppercase
ATT00497,キッチン用品試食会,2026-10-31,S011,藤田,美加子,藤田 美加子,nanamiito@example.com,愛知県,4,C012627,exact
ATT00498,春の新生活フェア,2026-07-26,S033,木村,聡太郎,木村 聡太郎,yasuhiro97@example.com,大分県,4,C004230,new
ATT00499,春の新生活フェア,2026-07-09,S028,藤田,千代,藤田 千代,itoyosuke@example.net,長野県,5,C003473,new
ATT00500,キッチン用品試食会,2026-12-14,S030,田中,桃子,田中 桃子,minorufukuda@example.org,栃木県,4,C007623,exact
ATT00501,春の新生活フェア,2026-08-15,S049,山下,千代,山下 千代,atsushisuzuki@example.net,神奈川県,2,C013904,uppercase
ATT00502,冬のあったか家電フェア,2026-09-19,S034,森,充,森 充,tarosasaki@example.org,京都府,4,C003112,exact
ATT00503,リニューアルオープン記念イベント,2026-02-08,S037,高橋,陽一,高橋 陽一,sinoue@example.com,長崎県,4,C016439,exact
ATT00504,キッチン用品試食会,2026-05-20,S032,池田,稔,池田 稔,yuikimura@example.org,和歌山県,5,C016911,new
ATT00505,リニューアルオープン記念イベント,2026-04-25,S010,山口,明美,山口 明美,naotoabe@example.org,京都府,5,C007295,exact
ATT00506,春の新生活フェア,2026-04-09,S039,渡辺,陽子,渡辺 陽子,satojun@example.org,奈良県,4,C015633,exact
ATT00507,春の新生活フェア,2026-10-28,S034,高橋,里佳,高橋 里佳,yukihashimoto@example.net,石川県,5,C019408,new
ATT00508,秋のインテリア相談会,2026-11-12,S021,中村,春香,中村 春香,zsato@example.net,徳島県,3,C011172,exact
ATT00509,冬のあったか家電フェア,2026-10-11,S050,藤井,陽子,藤井 陽子,jfujii@example.org,愛知県,4,C017805,fullwidth
ATT00510,キッチン用品試食会,2026-08-13,S034,高橋,陽子,高橋 陽子,jsuzuki@example.org,群馬県,4,C004132,exact
ATT00511,春の新生活フェア,2026-08-21,S034,松田,淳,松田 淳,yamadataro@example.net,北海道,2,C016520,exact
ATT00512,リニューアルオープン記念イベント,2026-11-02,S006,鈴木,裕太,鈴木 裕太,gtanaka@example.net,鳥取県,4,C000413,uppercase
ATT00513,リニューアルオープン記念イベント,2026-06-26,S042,橋本,さゆり,橋本 さゆり,morimai@example.org,福岡県,4,C003724,exact
ATT00514,春の新生活フェア,2026-09-24,S046,山下,明美,山下 明美,kumikofujita@example.net,岡山県,5,C018392,new
ATT00515,冬のあったか家電フェア,2026-11-17,S021,阿部,陽子,阿部 陽子,wito@example.com,徳島県,3,C010924,new
ATT00516,冬のあったか家電フェア,2026-02-15,S027,田中,舞,田中 舞,chiyoikeda@example.org,埼玉県,5,C018405,uppercase
ATT00517,秋のインテリア相談会,2026-05-31,S002,鈴木,美加子,鈴木 美加子,hhasegawa@example.com,島根県,2,C018179,new
ATT00518,夏の涼感体験会,2026-03-10,S041,吉田,桃子,吉田 桃子,yamaguchiyumiko@example.org,山梨県,2,C012324,exact
ATT00519,秋のインテリア相談会,2026-04-02,S040,高橋,結衣,高橋 結衣,taichiokada@example.org,鹿児島県,4,C017644,exact
ATT00520,春の新生活フェア,2026-12-29,S024,前田,さゆり,前田 さゆり,taichi32@example.com,和歌山県,2,C011903,new
ATT00521,夏の涼感体験会,2026-06-16,S048,近藤,健一,近藤 健一,tomoya77@example.com,滋賀県,4,C016763,space
ATT00522,秋のインテリア相談会,2026-12-05,S047,佐藤,太郎,佐藤 太郎,ryoheigoto@example.org,青森県,5,C016070,exact
ATT00523,秋のインテリア相談会,2026-11-16,S025,斎藤,充,斎藤 充,ryohei27@example.net,兵庫県,3,C007787,new
ATT00524,秋のインテリア相談会,2026-10-21,S047,三浦,結衣,三浦 結衣,wwatanabe@example.net,愛知県,5,C011981,exact
ATT00525,秋のインテリア相談会,2026-04-04,S001,田中,桃子,田中 桃子,xyamamoto@example.org,宮崎県,2,C016590,exact
ATT00526,リニューアルオープン記念イベント,2026-11-14,S038,高橋,七夏,高橋 七夏,eito@example.org,山梨県,4,C014756,exact
ATT00527,春の新生活フェア,2026-05-20,S008,加藤,花子,加藤 花子,shohei56@example.net,和歌山県,1,C002121,exact
ATT00528,冬のあったか家電フェア,2026-09-19,S001,鈴木,明美,鈴木 明美,atsushi38@example.net,大阪府,3,C009059,exact
ATT00529,キッチン用品試食会,2026-12-16,S019,村上,洋介,村上 洋介,takumasasaki@example.org,徳島県,5,C001567,uppercase
ATT00530,秋のインテリア相談会,2026-02-19,S032,山口,涼平,山口 涼平,mikakomurakami@example.org,神奈川県,5,C005095,new
ATT00531,キッチン用品試食会,2026-06-11,S002,田中,さゆり,田中 さゆり,fujitayoichi@example.net,佐賀県,5,C006914,exact
ATT00532,夏の涼感体験会,2026-04-03,S041,山本,舞,山本 舞,imori@example.com,福岡県,4,C016582,uppercase
ATT00533,秋のインテリア相談会,2026-03-29,S012,高橋,里佳,高橋 里佳,takuma92@example.org,香川県,4,C015560,uppercase
ATT00534,夏の涼感体験会,2026-07-15,S009,加藤,篤司,加藤 篤司,kazuya14@example.net,埼玉県,3,C007611,exact
ATT00535,キッチン用品試食会,2026-03-30,S012,山本,香織,山本 香織,vmaeda@example.com,山形県,4,C009146,exact
ATT00536,秋のインテリア相談会,2026-02-03,S019,田中,結衣,田中 結衣,yamamotojun@example.net,山梨県,4,C017023,new
ATT00537,春の新生活フェア,2026-09-12,S017,太田,あすか,太田 あすか,itosayuri@example.org,岩手県,5,C019681,exact
ATT00538,夏の涼感体験会,2026-03-28,S014,鈴木,七夏,鈴木 七夏,kana20@example.net,高知県,5,C006420,exact
ATT00539,冬のあったか家電フェア,2026-04-10,S042,渡辺,修平,渡辺 修平,suzukiakemi@example.org,茨城県,3,C006299,exact
ATT00540,キッチン用品試食会,2026-03-06,S011,田中,くみ子,田中 くみ子,kanatakahashi@example.net,神奈川県,5,C012172,exact
ATT00541,夏の涼感体験会,2026-06-24,S039,山下,陽一,山下 陽一,matsumotokenichi@example.org,山口県,4,C003840,new
ATT00542,キッチン用品試食会,2026-07-27,S031,山田,真綾,山田 真綾,kyosuke55@example.org,群馬県,2,C013990,new
ATT00543,秋のインテリア相談会,2026-03-31,S043,松本,裕樹,松本 裕樹,hashimotoryohei@example.net,香川県,4,C019636,exact
ATT00544,キッチン用品試食会,2026-04-04,S024,池田,加奈,池田 加奈,mai21@example.com,三重県,4,C014576,exact
ATT00545,秋のインテリア相談会,2026-10-07,S026,橋本,知実,橋本 知実,atsushi53@example.net,福岡県,3,C013358,exact
ATT00546,夏の涼感体験会,2026-09-17,S013,岡本,美加子,岡本 美加子,satoyumiko@example.net,高知県,3,C010076,new
ATT00547,夏の涼感体験会,2026-01-25,S035,山本,学,山本 学,yukikobayashi@example.net,沖縄県,3,C001279,new
ATT00548,秋のインテリア相談会,2026-03-21,S035,西村,裕美子,西村 裕美子,shoheisato@example.com,大阪府,2,C007891,exact
ATT00549,春の新生活フェア,2026-01-23,S006,三浦,さゆり,三浦 さゆり,akirayamaguchi@example.com,鳥取県,4,C009908,exact
ATT00550,春の新生活フェア,2026-07-05,S046,吉田,智也,吉田 智也,yui00@example.org,香川県,4,C009817,exact
ATT00551,夏の涼感体験会,2026-06-21,S034,高橋,直人,高橋 直人,saitochiyo@example.net,静岡県,5,C002622,exact
ATT00552,キッチン用品試食会,2026-12-03,S009,岡田,京助,岡田 京助,ninoue@example.com,山口県,4,C012397,exact
ATT00553,秋のインテリア相談会,2026-01-19,S013,佐藤,幹,佐藤 幹,osato@example.net,岐阜県,4,C012743,new
ATT00554,春の新生活フェア,2026-02-20,S001,中村,幹,中村 幹,yamadakaori@example.com,富山県,4,C014269,new
ATT00555,冬のあったか家電フェア,2026-09-04,S021,山口,七夏,山口 七夏,kenichiendo@example.org,長崎県,2,C018967,exact
ATT00556,冬のあったか家電フェア,2026-01-29,S043,福田,香織,福田 香織,yasuhirowatanabe@example.com,大阪府,4,C014673,exact
ATT00557,リニューアルオープン記念イベント,2026-11-26,S043,後藤,直人,後藤 直人,yukiyamamoto@example.com,島根県,5,C006943,exact
ATT00558,秋のインテリア相談会,2026-05-11,S001,山崎,晃,山崎 晃,okadatakuma@example.net,愛知県,4,C013712,new
ATT00559,春の新生活フェア,2026-12-26,S009,小林,加奈,小林 加奈,sotaro28@example.com,大分県,5,C008919,new
ATT00560,キッチン用品試食会,2026-02-26,S043,小川,七夏,小川 七夏,yoichi34@example.com,神奈川県,4,C007670,exact
ATT00561,秋のインテリア相談会,2026-09-26,S042,藤田,太郎,藤田 太郎,jyamada@example.org,青森県,4,C006193,exact
ATT00562,夏の涼感体験会,2026-11-17,S041,中村,翼,中村 翼,zyamamoto@example.net,広島県,4,C013052,new
ATT00563,冬のあったか家電フェア,2026-01-31,S048,前田,和也,前田 和也,kana20@example.com,兵庫県,4,C011374,exact
ATT00564,秋のインテリア相談会,2026-01-31,S014,森,真綾,森 真綾,amatsumoto@example.com,岩手県,5,C010075,exact
ATT00565,夏の涼感体験会,2026-04-16,S047,後藤,太郎,後藤 太郎,htanaka@example.com,福井県,3,C016621,new
ATT00566,リニューアルオープン記念イベント,2026-05-23,S024,西村,直人,西村 直人,nnakagawa@example.org,香川県,4,C018870,new
ATT00567,秋のインテリア相談会,2026-11-21,S050,松本,結衣,松本 結衣,pito@example.com,徳島県,5,C014299,new
ATT00568,夏の涼感体験会,2026-11-26,S010,佐藤,和也,佐藤 和也,dsato@example.org,栃木県,3,C000641,exact
ATT00569,秋のインテリア相談会,2026-01-21,S019,藤井,篤司,藤井 篤司,chiyokondo@example.com,長野県,3,C015514,new
ATT00570,リニューアルオープン記念イベント,2026-07-18,S039,渡辺,結衣,渡辺 結衣,ryosuke02@example.net,宮崎県,4,C006029,exact
ATT00571,リニューアルオープン記念イベント,2026-09-02,S006,佐藤,結衣,佐藤 結衣,rkondo@example.org,山形県,3,C019143,new
ATT00572,冬のあったか家電フェア,2026-09-11,S040,佐藤,明美,佐藤 明美,katorika@example.org,高知県,5,C013084,exact
ATT00573,リニューアルオープン記念イベント,2026-05-13,S043,山田,充,山田 充,tsubasa52@example.net,石川県,4,C016998,exact
ATT00574,冬のあったか家電フェア,2026-05-15,S043,木村,香織,木村 香織,akemikato@example.com,和歌山県,4,C018875,exact
ATT00575,秋のインテリア相談会,2026-10-14,S017,伊藤,結衣,伊藤 結衣,kabe@example.com,北海道,1,C017548,exact
ATT00576,春の新生活フェア,2026-02-20,S023,林,翼,林 翼,wkato@example.net,新潟県,5,C019314,exact
ATT00577,春の新生活フェア,2026-11-01,S013,松田,あすか,松田 あすか,osamu74@example.net,大阪府,5,C011185,exact
ATT00578,春の新生活フェア,2026-02-27,S011,鈴木,拓真,鈴木 拓真,wwatanabe@example.com,岐阜県,5,C013982,exact
ATT00579,夏の涼感体験会,2026-05-11,S008,田中,学,田中 学,hasegawakyosuke@example.net,東京都,4,C010571,new
ATT00580,秋のインテリア相談会,2026-02-06,S048,中島,和也,中島 和也,akiratanaka@example.org,大分県,4,C013844,fullwidth
ATT00581,夏の涼感体験会,2026-09-25,S011,佐藤,裕樹,佐藤 裕樹,kota@example.org,香川県,5,C015978,exact
ATT00582,冬のあったか家電フェア,2026-07-31,S027,長谷川,洋介,長谷川 洋介,takahashiyuki@example.org,滋賀県,4,C019219,new
ATT00583,冬のあったか家電フェア,2026-03-06,S001,小林,直樹,小林 直樹,ikedayoichi@example.net,青森県,4,C004303,exact
ATT00584,冬のあったか家電フェア,2026-01-13,S033,高橋,裕樹,高橋 裕樹,fsato@example.net,山梨県,5,C002185,exact
ATT00585,秋のインテリア相談会,2026-10-12,S033,阿部,稔,阿部 稔,eyamamoto@example.com,群馬県,4,C017747,new
ATT00586,秋のインテリア相談会,2026-10-04,S041,松本,翔太,松本 翔太,tsubasayamamoto@example.org,福島県,4,C006328,exact
ATT00587,冬のあったか家電フェア,2026-11-04,S045,中川,充,中川 充,mikimaeda@example.com,高知県,1,C010241,exact
ATT00588,冬のあったか家電フェア,2026-01-23,S030,佐藤,英樹,佐藤 英樹,kazuyainoue@example.org,福島県,5,C000145,new
ATT00589,秋のインテリア相談会,2026-05-29,S016,岡田,健一,岡田 健一,atsushikobayashi@example.com,沖縄県,5,C016875,new
ATT00590,秋のインテリア相談会,2026-05-21,S017,吉田,太一,吉田 太一,tomoyaogawa@example.org,埼玉県,3,C011622,exact
ATT00591,冬のあったか家電フェア,2026-03-22,S039,吉田,浩,吉田 浩,wkato@example.com,岐阜県,1,C015953,exact
ATT00592,リニューアルオープン記念イベント,2026-01-22,S049,佐藤,涼平,佐藤 涼平,minoru08@example.net,北海道,2,C015571,exact
ATT00593,キッチン用品試食会,2026-06-18,S038,林,翔太,林 翔太,mai06@example.com,福島県,5,C015646,exact
ATT00594,秋のインテリア相談会,2026-04-23,S027,田中,学,田中 学,kaorimiura@example.org,徳島県,4,C005126,new
ATT00595,冬のあったか家電フェア,2026-11-09,S022,鈴木,康弘,鈴木 康弘,kyosuke07@example.org,宮崎県,5,C015035,exact
ATT00596,春の新生活フェア,2026-08-14,S026,佐藤,太郎,佐藤 太郎,takuma43@example.com,熊本県,3,C002364,exact
ATT00597,冬のあったか家電フェア,2026-10-01,S049,佐藤,修平,佐藤 修平,mituru11@example.net,青森県,4,C000183,new
ATT00598,キッチン用品試食会,2026-03-24,S008,山崎,桃子,山崎 桃子,fsasaki@example.com,和歌山県,1,C006690,exact
ATT00599,春の新生活フェア,2026-07-13,S044,後藤,美加子,後藤 美加子,yui53@example.net,福井県,5,C004798,exact
ATT00600,夏の涼感体験会,2026-02-21,S033,渡辺,亮介,渡辺 亮介,mikakogoto@example.net,宮城県,4,C010863,new
ATT00601,冬のあったか家電フェア,2026-01-05,S022,村上,聡太郎,村上 聡太郎,wyamamoto@example.com,鳥取県,5,C011936,exact
ATT00602,春の新生活フェア,2026-09-07,S034,石井,くみ子,石井 くみ子,lkobayashi@example.net,東京都,4,C008453,exact
ATT00603,冬のあったか家電フェア,2026-08-17,S042,佐藤,裕美子,佐藤 裕美子,mai88@example.com,福島県,5,C012604,exact
ATT00604,春の新生活フェア,2026-12-19,S031,井上,和也,井上 和也,saitotakuma@example.com,長野県,4,C002350,exact
ATT00605,春の新生活フェア,2026-09-12,S009,岡田,涼平,岡田 涼平,saitomanabu@example.com,群馬県,4,C002735,exact
ATT00606,春の新生活フェア,2026-07-26,S047,岡田,あすか,岡田 あすか,bmurakami@example.org,愛媛県,4,C014205,new
ATT00607,冬のあったか家電フェア,2026-09-14,S020,鈴木,千代,鈴木 千代,ogawamiki@example.org,千葉県,3,C004328,new
ATT00608,春の新生活フェア,2026-05-13,S005,鈴木,裕樹,鈴木 裕樹,tsubasa50@example.com,兵庫県,4,C019027,exact
ATT00609,春の新生活フェア,2026-09-02,S032,渡辺,裕樹,渡辺 裕樹,mikisuzuki@example.org,鹿児島県,4,C016173,new
ATT00610,冬のあったか家電フェア,2026-04-22,S038,西村,加奈,西村 加奈,taichi01@example.org,茨城県,5,C009631,exact
ATT00611,冬のあったか家電フェア,2026-05-07,S015,小林,里佳,小林 里佳,miki13@example.org,山梨県,2,C009906,exact
ATT00612,夏の涼感体験会,2026-07-20,S011,中島,裕太,中島 裕太,yamaguchimaaya@example.net,山口県,5,C000215,exact
ATT00613,リニューアルオープン記念イベント,2026-03-10,S003,渡辺,結衣,渡辺 結衣,manabukobayashi@example.net,新潟県,4,C007985,exact
ATT00614,冬のあったか家電フェア,2026-08-09,S020,斎藤,花子,斎藤 花子,ryosuke93@example.net,岐阜県,3,C013608,new
ATT00615,夏の涼感体験会,2026-06-12,S039,林,太一,林 太一,shotayoshida@example.net,静岡県,4,C003641,exact
ATT00616,冬のあったか家電フェア,2026-07-14,S041,高橋,里佳,高橋 里佳,tanakarei@example.com,山梨県,5,C015235,exact
ATT00617,冬のあったか家電フェア,2026-06-18,S026,加藤,拓真,加藤 拓真,okadamituru@example.com,富山県,5,C008309,exact
ATT00618,春の新生活フェア,2026-03-23,S006,坂本,陽子,坂本 陽子,manabu31@example.net,秋田県,3,C011984,exact
ATT00619,夏の涼感体験会,2026-03-24,S014,岡本,太一,岡本 太一,vsasaki@example.net,栃木県,5,C001985,new
ATT00620,冬のあったか家電フェア,2026-07-22,S039,高橋,学,高橋 学,inouerei@example.com,宮城県,5,C016347,new
ATT00621,春の新生活フェア,2026-07-25,S003,中島,里佳,中島 里佳,jun65@example.com,長崎県,5,C016168,exact
ATT00622,夏の涼感体験会,2026-03-13,S018,鈴木,明美,鈴木 明美,kyosukeishikawa@example.com,愛媛県,3,C005402,new
ATT00623,夏の涼感体験会,2026-06-24,S035,小林,英樹,小林 英樹,akemi37@example.com,大分県,3,C017768,new
ATT00624,秋のインテリア相談会,2026-05-09,S029,井上,直人,井上 直人,yumikowatanabe@example.net,岐阜県,3,C016658,new
ATT00625,夏の涼感体験会,2026-05-21,S018,山本,聡太郎,山本 聡太郎,reimatsuda@example.net,滋賀県,4,C005601,exact
ATT00626,夏の涼感体験会,2026-10-27,S005,佐藤,聡太郎,佐藤 聡太郎,jwatanabe@example.net,広島県,1,C003623,exact
ATT00627,冬のあったか家電フェア,2026-07-07,S049,加藤,陽子,加藤 陽子,naoto64@example.org,長野県,2,C009863,exact
ATT00628,キッチン用品試食会,2026-09-09,S046,田中,裕美子,田中 裕美子,gfujii@example.net,福島県,4,C002618,exact
ATT00629,春の新生活フェア,2026-08-16,S014,太田,治,太田 治,inakajima@example.net,奈良県,5,C017102,exact
ATT00630,春の新生活フェア,2026-04-28,S013,渡辺,加奈,渡辺 加奈,zgoto@example.org,青森県,2,C018800,exact
ATT00631,夏の涼感体験会,2026-08-31,S027,吉田,浩,吉田 浩,yoichi33@example.net,山梨県,4,C010982,exact
ATT00632,夏の涼感体験会,2026-12-28,S043,佐々木,花子,佐々木 花子,miki29@example.net,埼玉県,5,C009459,new
ATT00633,キッチン用品試食会,2026-04-02,S043,鈴木,直人,鈴木 直人,satomituru@example.org,長崎県,3,C007923,exact
ATT00634,春の新生活フェア,2026-05-08,S020,松本,直子,松本 直子,takumayamaguchi@example.net,石川県,5,C014420,exact
ATT00635,春の新生活フェア,2026-06-11,S029,中村,晃,中村 晃,ufujiwara@example.org,神奈川県,3,C011128,new
ATT00636,冬のあったか家電フェア,2026-12-11,S045,木村,里佳,木村 里佳,yoichi90@example.org,沖縄県,4,C009399,exact
ATT00637,春の新生活フェア,2026-12-30,S039,藤田,健一,藤田 健一,momokoabe@example.net,香川県,4,C014531,exact
ATT00638,秋のインテリア相談会,2026-09-20,S006,池田,直人,池田 直人,ykobayashi@example.com,静岡県,5,C017887,new
ATT00639,リニューアルオープン記念イベント,2026-07-23,S036,佐々木,春香,佐々木 春香,watanaberei@example.com,福井県,5,C003729,new
ATT00640,冬のあったか家電フェア,2026-05-14,S020,伊藤,結衣,伊藤 結衣,utanaka@example.com,京都府,4,C003030,new
ATT00641,秋のインテリア相談会,2026-07-31,S038,伊藤,智也,伊藤 智也,hideki79@example.org,秋田県,3,C000601,space
ATT00642,秋のインテリア相談会,2026-07-05,S025,高橋,直樹,高橋 直樹,wyoshida@example.org,山口県,4,C016825,new
ATT00643,夏の涼感体験会,2026-05-25,S028,吉田,京助,吉田 京助,suzukiryosuke@example.org,愛媛県,4,C008409,exact
ATT00644,夏の涼感体験会,2026-09-08,S050,中村,直人,中村 直人,momoko99@example.net,愛媛県,3,C000940,exact
ATT00645,冬のあったか家電フェア,2026-02-18,S028,中村,春香,中村 春香,asuka20@example.org,愛知県,4,C007721,space
ATT00646,冬のあったか家電フェア,2026-07-03,S010,鈴木,香織,鈴木 香織,shotasato@example.com,愛媛県,4,C011576,exact
ATT00647,リニューアルオープン記念イベント,2026-06-30,S006,鈴木,和也,鈴木 和也,yui08@example.com,沖縄県,4,C012823,new
ATT00648,秋のインテリア相談会,2026-02-07,S027,田中,治,田中 治,kazuyaokada@example.org,長野県,1,C013962,new
ATT00649,夏の涼感体験会,2026-12-03,S040,岡本,健一,岡本 健一,ryosukesato@example.net,大分県,4,C015387,exact
ATT00650,リニューアルオープン記念イベント,2026-04-02,S049,山口,千代,山口 千代,watanabeyosuke@example.org,徳島県,4,C017418,exact
ATT00651,キッチン用品試食会,2026-06-19,S037,阿部,拓真,阿部 拓真,qtakahashi@example.net,島根県,5,C012529,exact
ATT00652,キッチン用品試食会,2026-04-18,S014,小川,千代,小川 千代,atsushihayashi@example.net,京都府,3,C003470,exact
ATT00653,春の新生活フェア,2026-10-16,S032,加藤,太郎,加藤 太郎,kazuya88@example.com,兵庫県,4,C002312,new
ATT00654,キッチン用品試食会,2026-12-08,S022,田中,康弘,田中 康弘,xtanaka@example.org,沖縄県,4,C017035,exact
ATT00655,夏の涼感体験会,2026-12-04,S044,阿部,あすか,阿部 あすか,xikeda@example.org,山口県,5,C012775,exact
ATT00656,冬のあったか家電フェア,2026-02-22,S038,前田,結衣,前田 結衣,takahashiminoru@example.com,香川県,2,C004227,new
ATT00657,冬のあったか家電フェア,2026-01-15,S030,坂本,加奈,坂本 加奈,bhayashi@example.org,香川県,2,C003081,new
ATT00658,冬のあったか家電フェア,2026-04-27,S004,松田,真綾,松田 真綾,yumikoyoshida@example.net,広島県,5,C012915,exact
ATT00659,秋のインテリア相談会,2026-07-19,S042,佐々木,さゆり,佐々木 さゆり,nishimuraakemi@example.net,広島県,5,C011383,new
ATT00660,秋のインテリア相談会,2026-02-22,S034,青木,淳,青木 淳,bkimura@example.com,富山県,3,C010888,exact
ATT00661,リニューアルオープン記念イベント,2026-12-19,S047,太田,治,太田 治,xyamazaki@example.net,宮城県,5,C007724,new
ATT00662,春の新生活フェア,2026-03-25,S030,三浦,幹,三浦 幹,kondosotaro@example.net,香川県,2,C014635,exact
ATT00663,冬のあったか家電フェア,2026-01-04,S042,前田,くみ子,前田 くみ子,utakahashi@example.com,神奈川県,4,C012408,new
ATT00664,春の新生活フェア,2026-08-06,S044,中村,充,中村 充,junwatanabe@example.org,岩手県,3,C007745,exact
ATT00665,リニューアルオープン記念イベント,2026-04-10,S003,小林,健一,小林 健一,kaori61@example.org,静岡県,4,C004718,exact
ATT00666,冬のあったか家電フェア,2026-02-04,S019,鈴木,七夏,鈴木 七夏,nakagawamai@example.org,熊本県,2,C013828,exact
ATT00667,秋のインテリア相談会,2026-05-19,S049,阿部,桃子,阿部 桃子,minoru72@example.net,鹿児島県,2,C002632,exact
ATT00668,秋のインテリア相談会,2026-05-03,S035,岡田,陽一,岡田 陽一,fukudatsubasa@example.com,山形県,3,C012492,exact
ATT00669,秋のインテリア相談会,2026-07-27,S043,遠藤,明美,遠藤 明美,okamotorei@example.com,大阪府,4,C006191,exact
ATT00670,冬のあったか家電フェア,2026-09-18,S007,池田,裕樹,池田 裕樹,shoheiishikawa@example.org,島根県,2,C016637,new
ATT00671,秋のインテリア相談会,2026-06-19,S015,中村,治,中村 治,sasakiatsushi@example.org,福岡県,2,C006483,exact
ATT00672,夏の涼感体験会,2026-01-09,S011,橋本,春香,橋本 春香,yuta01@example.net,長崎県,4,C005543,exact
ATT00673,秋のインテリア相談会,2026-04-17,S050,高橋,英樹,高橋 英樹,naokisuzuki@example.net,奈良県,5,C000736,exact
ATT00674,春の新生活フェア,2026-09-13,S033,佐々木,美加子,佐々木 美加子,hiroshi03@example.org,熊本県,4,C003024,space
ATT00675,春の新生活フェア,2026-06-07,S018,石川,結衣,石川 結衣,kyosuke17@example.org,香川県,4,C000057,exact
ATT00676,リニューアルオープン記念イベント,2026-11-11,S023,井上,くみ子,井上 くみ子,tanakamiki@example.com,山梨県,4,C001215,uppercase
ATT00677,春の新生活フェア,2026-02-12,S011,吉田,浩,吉田 浩,vfujita@example.net,長崎県,4,C016266,exact
ATT00678,冬のあったか家電フェア,2026-02-08,S045,阿部,充,阿部 充,asuka06@example.com,沖縄県,4,C000403,exact
ATT00679,春の新生活フェア,2026-02-09,S033,高橋,零,高橋 零,bito@example.net,福岡県,4,C012639,exact
ATT00680,春の新生活フェア,2026-12-16,S021,高橋,学,高橋 学,zsuzuki@example.org,高知県,5,C002314,new
ATT00681,春の新生活フェア,2026-09-22,S010,伊藤,太郎,伊藤 太郎,kaori49@example.org,鹿児島県,5,C005793,exact
ATT00682,春の新生活フェア,2026-04-23,S011,鈴木,聡太郎,鈴木 聡太郎,matsumotorika@example.org,和歌山県,5,C019173,exact
ATT00683,冬のあったか家電フェア,2026-01-28,S047,斎藤,稔,斎藤 稔,sayuriyamamoto@example.com,青森県,4,C016618,exact
ATT00684,夏の涼感体験会,2026-03-24,S020,佐藤,真綾,佐藤 真綾,momokomaeda@example.org,石川県,5,C018505,exact
ATT00685,秋のインテリア相談会,2026-12-20,S025,田中,智也,田中 智也,osamufujita@example.net,長野県,4,C002889,exact
ATT00686,冬のあったか家電フェア,2026-08-06,S003,阿部,知実,阿部 知実,tsubasa18@example.net,宮城県,4,C004589,new
ATT00687,秋のインテリア相談会,2026-03-31,S050,阿部,太一,阿部 太一,junmurakami@example.org,佐賀県,4,C010214,exact
ATT00688,夏の涼感体験会,2026-09-17,S035,佐藤,康弘,佐藤 康弘,morinaoto@example.com,滋賀県,1,C004227,new
ATT00689,冬のあったか家電フェア,2026-09-12,S013,松田,治,松田 治,tanakahanako@example.com,岩手県,1,C000479,exact
ATT00690,夏の涼感体験会,2026-01-18,S040,小林,さゆり,小林 さゆり,dokada@example.net,宮崎県,3,C002572,exact
ATT00691,夏の涼感体験会,2026-03-05,S008,中村,香織,中村 香織,qota@example.net,大阪府,4,C012353,new
ATT00692,秋のインテリア相談会,2026-09-04,S048,山本,聡太郎,山本 聡太郎,vwatanabe@example.com,富山県,5,C004628,exact
ATT00693,夏の涼感体験会,2026-09-04,S029,鈴木,幹,鈴木 幹,nanami16@example.net,沖縄県,5,C010779,exact
ATT00694,春の新生活フェア,2026-10-27,S032,山下,学,山下 学,maayayamashita@example.net,宮城県,4,C000351,exact
ATT00695,冬のあったか家電フェア,2026-03-03,S042,田中,翔太,田中 翔太,tanakaakemi@example.net,宮城県,4,C007728,exact
ATT00696,夏の涼感体験会,2026-03-22,S014,岡本,拓真,岡本 拓真,akemiota@example.com,富山県,5,C014718,exact
ATT00697,キッチン用品試食会,2026-11-09,S034,鈴木,花子,鈴木 花子,jun61@example.org,北海道,5,C009939,new
ATT00698,キッチン用品試食会,2026-10-24,S046,鈴木,浩,鈴木 浩,jtakahashi@example.net,茨城県,4,C009155,exact
ATT00699,春の新生活フェア,2026-01-29,S009,中村,英樹,中村 英樹,akira67@example.com,兵庫県,4,C011984,new
ATT00700,秋のインテリア相談会,2026-10-13,S022,松本,直人,松本 直人,hidekiikeda@example.org,広島県,5,C006805,exact
ATT00701,冬のあったか家電フェア,2026-07-08,S009,鈴木,翼,鈴木 翼,yosukeyamaguchi@example.org,長野県,4,C008352,exact
ATT00702,夏の涼感体験会,2026-07-09,S031,中村,里佳,中村 里佳,uito@example.com,宮崎県,3,C000728,exact
ATT00703,冬のあったか家電フェア,2026-11-11,S023,田中,香織,田中 香織,znakajima@example.com,大阪府,4,C007599,exact
ATT00704,キッチン用品試食会,2026-03-24,S011,高橋,美加子,高橋 美加子,miurakana@example.com,鳥取県,5,C015465,exact
ATT00705,冬のあったか家電フェア,2026-09-03,S019,木村,桃子,木村 桃子,byamamoto@example.net,石川県,3,C008573,new
ATT00706,リニューアルオープン記念イベント,2026-09-24,S019,藤井,春香,藤井 春香,akemi72@example.org,三重県,1,C010571,exact
ATT00707,春の新生活フェア,2026-02-07,S040,阿部,充,阿部 充,satorei@example.com,大分県,4,C009181,exact
ATT00708,春の新生活フェア,2026-06-14,S037,高橋,修平,高橋 修平,akiraishii@example.org,山梨県,4,C019686,new
ATT00709,春の新生活フェア,2026-01-22,S033,佐藤,裕美子,佐藤 裕美子,taro34@example.com,香川県,5,C002348,exact
ATT00710,夏の涼感体験会,2026-03-01,S049,加藤,香織,加藤 香織,suzukinanami@example.net,秋田県,2,C005359,space
ATT00711,キッチン用品試食会,2026-08-21,S041,中村,直人,中村 直人,sayuriishii@example.com,徳島県,5,C015520,exact
ATT00712,秋のインテリア相談会,2026-07-15,S038,阿部,あすか,阿部 あすか,asuka20@example.com,岩手県,5,C016371,exact
ATT00713,冬のあったか家電フェア,2026-03-04,S014,岡本,亮介,岡本 亮介,yutatakahashi@example.org,宮崎県,2,C015176,exact
ATT00714,春の新生活フェア,2026-03-21,S013,阿部,健一,阿部 健一,kazuyanakamura@example.org,徳島県,5,C015582,new
ATT00715,夏の涼感体験会,2026-05-15,S031,佐々木,拓真,佐々木 拓真,cyoshida@example.org,福島県,5,C002429,exact
ATT00716,夏の涼感体験会,2026-03-06,S005,福田,智也,福田 智也,xtakahashi@example.net,大阪府,1,C005933,exact
ATT00717,夏の涼感体験会,2026-02-08,S040,林,真綾,林 真綾,nakamurarika@example.net,秋田県,1,C013951,new
ATT00718,春の新生活フェア,2026-04-28,S047,遠藤,結衣,遠藤 結衣,pyamashita@example.com,神奈川県,4,C013453,exact
ATT00719,夏の涼感体験会,2026-12-06,S024,西村,和也,西村 和也,mikifujita@example.com,茨城県,4,C001017,exact
ATT00720,秋のインテリア相談会,2026-06-06,S018,佐藤,里佳,佐藤 里佳,qmatsumoto@example.com,埼玉県,3,C016145,new
ATT00721,秋のインテリア相談会,2026-02-01,S035,山下,直樹,山下 直樹,qsato@example.org,新潟県,4,C016278,exact
ATT00722,秋のインテリア相談会,2026-08-11,S049,石井,裕美子,石井 裕美子,ishikawasotaro@example.org,三重県,3,C002393,exact
ATT00723,夏の涼感体験会,2026-06-07,S012,山本,洋介,山本 洋介,yamaguchikenichi@example.org,群馬県,3,C014523,new
ATT00724,夏の涼感体験会,2026-03-29,S018,福田,学,福田 学,naokiyamamoto@example.com,岩手県,5,C002546,exact
ATT00725,春の新生活フェア,2026-05-03,S032,岡田,桃子,岡田 桃子,tsubasa18@example.org,沖縄県,5,C007043,exact
ATT00726,春の新生活フェア,2026-03-05,S022,山下,浩,山下 浩,suzukiyuta@example.net,埼玉県,3,C002930,new
ATT00727,夏の涼感体験会,2026-06-27,S024,斎藤,香織,斎藤 香織,yoshidamai@example.org,和歌山県,3,C019166,exact
ATT00728,キッチン用品試食会,2026-04-02,S049,山口,太一,山口 太一,jun92@example.com,高知県,4,C013610,exact
ATT00729,冬のあったか家電フェア,2026-08-23,S001,佐藤,加奈,佐藤 加奈,hshimizu@example.com,青森県,5,C009465,new
ATT00730,キッチン用品試食会,2026-08-17,S021,前田,あすか,前田 あすか,osamu90@example.org,福岡県,2,C000051,new
ATT00731,春の新生活フェア,2026-06-12,S029,加藤,英樹,加藤 英樹,yosukesaito@example.org,富山県,4,C008557,new
ATT00732,冬のあったか家電フェア,2026-10-20,S002,西村,真綾,西村 真綾,yumiko12@example.com,静岡県,5,C013074,new
ATT00733,秋のインテリア相談会,2026-11-19,S036,松本,桃子,松本 桃子,kimuraryosuke@example.com,広島県,5,C001589,new
ATT00734,リニューアルオープン記念イベント,2026-10-05,S022,藤田,知実,藤田 知実,pnakagawa@example.org,千葉県,5,C008970,exact
ATT00735,春の新生活フェア,2026-04-14,S043,山本,英樹,山本 英樹,yumiko49@example.net,宮崎県,3,C012312,exact
ATT00736,夏の涼感体験会,2026-11-18,S003,林,太一,林 太一,gsuzuki@example.org,鹿児島県,5,C017513,new
ATT00737,春の新生活フェア,2026-09-26,S010,高橋,陽一,高橋 陽一,satomitanaka@example.com,熊本県,1,C013393,exact
ATT00738,春の新生活フェア,2026-10-27,S040,中村,舞,中村 舞,satokumiko@example.com,鹿児島県,4,C006146,exact
ATT00739,キッチン用品試食会,2026-04-04,S001,渡辺,陽子,渡辺 陽子,shoheiwatanabe@example.com,山梨県,4,C015989,exact
ATT00740,夏の涼感体験会,2026-04-19,S010,渡辺,稔,渡辺 稔,yuisato@example.com,群馬県,5,C013581,exact
ATT00741,秋のインテリア相談会,2026-07-11,S024,鈴木,花子,鈴木 花子,nakamurarei@example.com,島根県,4,C015758,exact
ATT00742,春の新生活フェア,2026-09-17,S050,田中,太郎,田中 太郎,kanamurakami@example.org,兵庫県,4,C004016,exact
ATT00743,冬のあったか家電フェア,2026-02-08,S005,長谷川,涼平,長谷川 涼平,uyamamoto@example.org,石川県,4,C010178,exact
ATT00744,秋のインテリア相談会,2026-08-30,S029,青木,知実,青木 知実,dtakahashi@example.com,富山県,4,C004811,exact
ATT00745,春の新生活フェア,2026-07-26,S025,中島,健一,中島 健一,asato@example.org,鹿児島県,4,C005074,exact
ATT00746,春の新生活フェア,2026-07-22,S020,吉田,稔,吉田 稔,tanakaakira@example.net,山梨県,5,C013859,new
ATT00747,春の新生活フェア,2026-01-19,S031,岡本,篤司,岡本 篤司,sayurikobayashi@example.com,福井県,4,C012709,new
ATT00748,春の新生活フェア,2026-12-31,S011,小川,くみ子,小川 くみ子,hanako09@example.org,山形県,2,C014071,exact
ATT00749,春の新生活フェア,2026-01-17,S045,鈴木,零,鈴木 零,rika04@example.com,島根県,5,C000660,new
ATT00750,春の新生活フェア,2026-07-10,S041,井上,美加子,井上 美加子,nyamamoto@example.net,山梨県,3,C014538,new
ATT00751,春の新生活フェア,2026-01-29,S010,鈴木,涼平,鈴木 涼平,yumikosuzuki@example.org,岐阜県,5,C001894,new
ATT00752,秋のインテリア相談会,2026-08-20,S024,高橋,陽一,高橋 陽一,takahashitaro@example.org,熊本県,4,C003028,new
ATT00753,冬のあったか家電フェア,2026-02-02,S010,木村,くみ子,木村 くみ子,wwatanabe@example.net,滋賀県,5,C000868,new
ATT00754,キッチン用品試食会,2026-04-24,S016,遠藤,幹,遠藤 幹,kobayashiharuka@example.com,千葉県,5,C015197,exact
ATT00755,キッチン用品試食会,2026-06-25,S038,山下,智也,山下 智也,katomikako@example.org,沖縄県,5,C007851,exact
ATT00756,秋のインテリア相談会,2026-12-28,S036,田中,加奈,田中 加奈,fujitamomoko@example.org,愛知県,2,C008388,exact
ATT00757,リニューアルオープン記念イベント,2026-03-13,S001,中村,陽一,中村 陽一,takuma60@example.com,佐賀県,5,C015459,exact
ATT00758,冬のあったか家電フェア,2026-07-16,S037,後藤,知実,後藤 知実,yui20@example.net,鳥取県,5,C019020,exact
ATT00759,キッチン用品試食会,2026-12-05,S036,中島,零,中島 零,harukasasaki@example.org,大阪府,5,C009809,new
ATT00760,秋のインテリア相談会,2026-03-19,S047,中川,陽一,中川 陽一,hkobayashi@example.org,大分県,3,C009098,new
ATT00761,冬のあったか家電フェア,2026-10-02,S028,小林,拓真,小林 拓真,rkato@example.org,山形県,3,C019831,exact
ATT00762,春の新生活フェア,2026-06-13,S016,森,篤司,森 篤司,fujiinaoko@example.net,山口県,2,C018636,exact
ATT00763,夏の涼感体験会,2026-11-17,S026,遠藤,陽一,遠藤 陽一,itotaro@example.net,山口県,1,C014368,uppercase
ATT00764,リニューアルオープン記念イベント,2026-09-21,S050,村上,真綾,村上 真綾,kazuya13@example.com,岐阜県,3,C011851,exact
ATT00765,秋のインテリア相談会,2026-07-06,S005,山下,拓真,山下 拓真,mituru85@example.com,高知県,3,C011693,new
ATT00766,冬のあったか家電フェア,2026-10-20,S020,山口,零,山口 零,takahashirika@example.net,神奈川県,4,C009749,new
ATT00767,春の新生活フェア,2026-06-29,S033,中村,拓真,中村 拓真,hanako56@example.com,佐賀県,5,C006302,new
ATT00768,春の新生活フェア,2026-09-01,S030,長谷川,翔太,長谷川 翔太,kinoue@example.org,和歌山県,5,C002281,exact
ATT00769,夏の涼感体験会,2026-04-19,S005,鈴木,千代,鈴木 千代,dyamamoto@example.com,石川県,5,C017390,exact
ATT00770,春の新生活フェア,2026-12-09,S023,森,桃子,森 桃子,yosukehayashi@example.org,千葉県,4,C006911,exact
ATT00771,キッチン用品試食会,2026-01-24,S004,小林,真綾,小林 真綾,dishikawa@example.com,岐阜県,4,C001574,exact
ATT00772,秋のインテリア相談会,2026-05-18,S028,清水,幹,清水 幹,satomisuzuki@example.net,福井県,1,C000474,exact
ATT00773,秋のインテリア相談会,2026-04-19,S030,佐々木,亮介,佐々木 亮介,kobayashimomoko@example.com,愛知県,4,C015997,exact
ATT00774,キッチン用品試食会,2026-07-28,S050,藤井,直子,藤井 直子,asato@example.com,岡山県,4,C003547,exact
ATT00775,春の新生活フェア,2026-11-05,S016,山口,翼,山口 翼,jkondo@example.net,香川県,2,C017481,exact
ATT00776,キッチン用品試食会,2026-09-15,S049,松本,桃子,松本 桃子,gkobayashi@example.net,岡山県,3,C005932,new
ATT00777,春の新生活フェア,2026-01-08,S027,佐藤,里佳,佐藤 里佳,suzukimikako@example.net,静岡県,5,C007287,new
ATT00778,冬のあったか家電フェア,2026-08-24,S043,藤原,あすか,藤原 あすか,tarofukuda@example.org,鳥取県,4,C005515,exact
ATT00779,春の新生活フェア,2026-10-29,S046,加藤,篤司,加藤 篤司,eyamada@example.com,大阪府,5,C014046,exact
ATT00780,秋のインテリア相談会,2026-09-28,S045,伊藤,拓真,伊藤 拓真,cyamada@example.com,和歌山県,3,C005670,exact
ATT00781,冬のあったか家電フェア,2026-07-20,S019,森,智也,森 智也,bendo@example.com,栃木県,5,C017219,exact
ATT00782,キッチン用品試食会,2026-02-17,S008,渡辺,浩,渡辺 浩,nakajimaakira@example.org,静岡県,5,C000981,new
ATT00783,夏の涼感体験会,2026-05-16,S030,山本,健一,山本 健一,naokokobayashi@example.org,大分県,2,C014273,exact
ATT00784,春の新生活フェア,2026-02-24,S017,加藤,亮介,加藤 亮介,yumikokato@example.org,香川県,4,C009267,new
ATT00785,キッチン用品試食会,2026-11-05,S010,山本,七夏,山本 七夏,takumayamaguchi@example.org,長崎県,4,C000755,new
ATT00786,キッチン用品試食会,2026-12-09,S004,森,幹,森 幹,ltanaka@example.net,高知県,2,C019485,exact
ATT00787,春の新生活フェア,2026-11-01,S029,中村,翼,中村 翼,nakamurananami@example.net,香川県,4,C008644,exact
ATT00788,冬のあったか家電フェア,2026-08-13,S018,林,美加子,林 美加子,satoyoko@example.net,宮崎県,4,C007157,exact
ATT00789,冬のあったか家電フェア,2026-02-16,S035,田中,零,田中 零,qhayashi@example.net,広島県,3,C007837,exact
ATT00790,秋のインテリア相談会,2026-01-01,S031,佐藤,千代,佐藤 千代,uinoue@example.org,福岡県,1,C011911,exact
ATT00791,夏の涼感体験会,2026-04-24,S027,高橋,裕樹,高橋 裕樹,manabu71@example.com,静岡県,2,C003803,exact
ATT00792,春の新生活フェア,2026-01-26,S025,山崎,明美,山崎 明美,yutayoshida@example.net,広島県,2,C007657,new
ATT00793,秋のインテリア相談会,2026-12-20,S008,斎藤,篤司,斎藤 篤司,yoichi21@example.org,奈良県,5,C003518,exact
ATT00794,秋のインテリア相談会,2026-03-19,S041,近藤,明美,近藤 明美,tomoyawatanabe@example.net,岡山県,3,C016863,new
ATT00795,春の新生活フェア,2026-10-06,S044,林,裕美子,林 裕美子,lnakamura@example.net,東京都,4,C017689,exact
ATT00796,キッチン用品試食会,2026-10-30,S018,渡辺,淳,渡辺 淳,hanako17@example.net,兵庫県,2,C007079,exact
ATT00797,リニューアルオープン記念イベント,2026-04-15,S039,橋本,結衣,橋本 結衣,takuma89@example.org,埼玉県,4,C003543,exact
ATT00798,キッチン用品試食会,2026-03-22,S030,鈴木,翔太,鈴木 翔太,akira15@example.com,福井県,3,C006874,exact
ATT00799,秋のインテリア相談会,2026-06-27,S049,村上,洋介,村上 洋介,ryoheiendo@example.net,富山県,4,C012276,new
ATT00800,冬のあったか家電フェア,2026-11-11,S005,佐藤,健一,佐藤 健一,jwatanabe@example.com,山梨県,1,C013732,new
ATT00801,キッチン用品試食会,2026-09-01,S046,近藤,香織,近藤 香織,chiyosato@example.org,東京都,2,C014838,exact
ATT00802,リニューアルオープン記念イベント,2026-04-06,S033,鈴木,明美,鈴木 明美,hideki47@example.org,山形県,2,C003804,exact
ATT00803,キッチン用品試食会,2026-06-27,S027,渡辺,裕樹,渡辺 裕樹,junsato@example.org,福島県,4,C001134,exact
ATT00804,冬のあったか家電フェア,2026-06-09,S008,中村,稔,中村 稔,akemisato@example.com,徳島県,4,C006640,exact
ATT00805,冬のあったか家電フェア,2026-11-05,S042,小川,里佳,小川 里佳,hideki70@example.org,長野県,5,C017661,exact
ATT00806,キッチン用品試食会,2026-12-26,S002,加藤,稔,加藤 稔,xnishimura@example.org,熊本県,4,C002543,exact
ATT00807,夏の涼感体験会,2026-04-27,S046,藤井,翼,藤井 翼,suzukimituru@example.org,徳島県,3,C015485,exact
ATT00808,冬のあったか家電フェア,2026-07-19,S043,中村,浩,中村 浩,sokada@example.org,山形県,2,C007776,uppercase
ATT00809,秋のインテリア相談会,2026-07-25,S035,石川,浩,石川 浩,yamadachiyo@example.com,滋賀県,3,C014068,exact
ATT00810,キッチン用品試食会,2026-11-15,S049,伊藤,舞,伊藤 舞,kazuyakobayashi@example.com,福岡県,4,C009959,exact
ATT00811,冬のあったか家電フェア,2026-08-27,S036,加藤,健一,加藤 健一,ryohei51@example.net,神奈川県,3,C016649,exact
ATT00812,秋のインテリア相談会,2026-12-16,S009,吉田,洋介,吉田 洋介,shotayamamoto@example.net,群馬県,4,C019218,exact
ATT00813,夏の涼感体験会,2026-11-15,S004,岡田,京助,岡田 京助,tanakayumiko@example.net,富山県,4,C005953,exact
ATT00814,秋のインテリア相談会,2026-12-16,S045,渡辺,修平,渡辺 修平,chiyosato@example.net,佐賀県,4,C000109,exact
ATT00815,秋のインテリア相談会,2026-05-18,S035,高橋,涼平,高橋 涼平,tsubasa96@example.org,山梨県,4,C003081,exact
ATT00816,春の新生活フェア,2026-11-30,S013,鈴木,太郎,鈴木 太郎,harukatakahashi@example.com,宮城県,3,C011957,new
ATT00817,秋のインテリア相談会,2026-04-01,S040,鈴木,直子,鈴木 直子,momoko65@example.com,山口県,3,C018617,exact
ATT00818,キッチン用品試食会,2026-03-06,S027,林,充,林 充,mikako02@example.org,香川県,5,C003953,exact
ATT00819,夏の涼感体験会,2026-11-06,S010,鈴木,直人,鈴木 直人,tyoshida@example.org,東京都,4,C014164,new
ATT00820,キッチン用品試食会,2026-01-10,S015,阿部,晃,阿部 晃,kazuya41@example.com,福井県,4,C010515,exact
ATT00821,夏の涼感体験会,2026-06-13,S004,中川,里佳,中川 里佳,satomiokada@example.org,福井県,5,C018050,new
ATT00822,夏の涼感体験会,2026-10-02,S035,鈴木,真綾,鈴木 真綾,kimuranaoko@example.com,新潟県,4,C018946,new
ATT00823,春の新生活フェア,2026-02-05,S012,鈴木,拓真,鈴木 拓真,pishii@example.net,埼玉県,2,C012788,exact
ATT00824,冬のあったか家電フェア,2026-05-04,S023,阿部,健一,阿部 健一,ssuzuki@example.com,熊本県,5,C018520,exact
ATT00825,冬のあったか家電フェア,2026-02-16,S027,近藤,英樹,近藤 英樹,mai97@example.org,千葉県,3,C012979,exact
ATT00826,春の新生活フェア,2026-08-31,S047,山本,陽子,山本 陽子,ckato@example.com,栃木県,5,C019356,exact
ATT00827,春の新生活フェア,2026-05-17,S033,山本,稔,山本 稔,kaoriito@example.com,山形県,4,C004323,exact
ATT00828,春の新生活フェア,2026-10-20,S014,渡辺,花子,渡辺 花子,taichiota@example.net,山口県,4,C003509,exact
ATT00829,夏の涼感体験会,2026-06-17,S036,藤田,充,藤田 充,kaori11@example.net,三重県,5,C011598,exact
ATT00830,秋のインテリア相談会,2026-05-25,S026,佐藤,桃子,佐藤 桃子,taro75@example.com,佐賀県,1,C003176,new
ATT00831,秋のインテリア相談会,2026-06-27,S048,森,晃,森 晃,tsasaki@example.org,和歌山県,4,C000769,exact
ATT00832,春の新生活フェア,2026-08-29,S014,渡辺,里佳,渡辺 里佳,mikinakajima@example.org,埼玉県,4,C007356,exact
ATT00833,夏の涼感体験会,2026-10-08,S005,高橋,浩,高橋 浩,maaya78@example.net,栃木県,5,C001121,new
ATT00834,秋のインテリア相談会,2026-12-07,S045,田中,京助,田中 京助,hyoshida@example.net,宮城県,5,C003134,new
ATT00835,秋のインテリア相談会,2026-10-06,S030,山口,智也,山口 智也,suzukitomoya@example.net,香川県,4,C019034,exact
ATT00836,夏の涼感体験会,2026-03-07,S016,清水,亮介,清水 亮介,atakahashi@example.com,長崎県,4,C001619,new
ATT00837,キッチン用品試食会,2026-12-29,S002,吉田,篤司,吉田 篤司,yamamotokyosuke@example.org,富山県,4,C007275,exact
ATT00838,春の新生活フェア,2026-04-22,S003,青木,洋介,青木 洋介,suzukinaoko@example.com,奈良県,5,C015649,exact
ATT00839,春の新生活フェア,2026-05-07,S034,斉藤,健一,斉藤 健一,kondonanami@example.com,大分県,2,C006093,exact
ATT00840,リニューアルオープン記念イベント,2026-08-08,S032,小林,翼,小林 翼,tanakamai@example.net,広島県,3,C018746,exact
ATT00841,夏の涼感体験会,2026-12-04,S038,中村,太郎,中村 太郎,taro61@example.net,長野県,5,C006376,exact
ATT00842,秋のインテリア相談会,2026-01-19,S015,中村,結衣,中村 結衣,suzukiakemi@example.org,福井県,5,C010587,exact
ATT00843,リニューアルオープン記念イベント,2026-03-29,S005,山本,京助,山本 京助,eito@example.net,福岡県,5,C018853,exact
ATT00844,春の新生活フェア,2026-06-07,S022,鈴木,涼平,鈴木 涼平,atsushi04@example.org,大阪府,3,C011691,space
ATT00845,キッチン用品試食会,2026-04-09,S018,林,裕美子,林 裕美子,kaori48@example.org,千葉県,4,C012761,exact
ATT00846,夏の涼感体験会,2026-07-19,S004,田中,知実,田中 知実,suzukikana@example.net,沖縄県,2,C003347,exact
ATT00847,キッチン用品試食会,2026-01-28,S015,井上,明美,井上 明美,yutahasegawa@example.net,岡山県,4,C018767,exact
ATT00848,リニューアルオープン記念イベント,2026-10-12,S018,小林,健一,小林 健一,yumiko59@example.net,石川県,5,C007888,exact
ATT00849,春の新生活フェア,2026-03-28,S040,井上,真綾,井上 真綾,hidekihayashi@example.net,愛知県,5,C005522,new
ATT00850,秋のインテリア相談会,2026-04-16,S038,山口,桃子,山口 桃子,kyosuke24@example.com,石川県,5,C004409,exact
ATT00851,春の新生活フェア,2026-12-29,S042,斉藤,英樹,斉藤 英樹,osamu46@example.com,千葉県,3,C009275,new
ATT00852,冬のあったか家電フェア,2026-12-05,S030,吉田,太一,吉田 太一,sotaro58@example.com,福井県,3,C017201,new
ATT00853,リニューアルオープン記念イベント,2026-03-16,S011,井上,幹,井上 幹,dmiura@example.net,長野県,4,C015193,space
ATT00854,春の新生活フェア,2026-06-13,S005,田中,太一,田中 太一,watanaberika@example.org,北海道,4,C016907,exact
ATT00855,キッチン用品試食会,2026-07-25,S029,小川,涼平,小川 涼平,jinoue@example.org,千葉県,5,C013145,exact
ATT00856,春の新生活フェア,2026-08-19,S024,池田,治,池田 治,tsubasa10@example.com,長野県,5,C005942,exact
ATT00857,冬のあったか家電フェア,2026-01-11,S026,林,幹,林 幹,endoharuka@example.org,広島県,2,C002958,exact
ATT00858,春の新生活フェア,2026-11-11,S041,佐々木,美加子,佐々木 美加子,mikakofujita@example.net,大阪府,2,C002712,exact
ATT00859,春の新生活フェア,2026-10-23,S016,橋本,京助,橋本 京助,gtakahashi@example.net,長野県,5,C016752,exact
ATT00860,夏の涼感体験会,2026-10-15,S027,吉田,修平,吉田 修平,taichi31@example.com,広島県,5,C015894,exact
ATT00861,キッチン用品試食会,2026-08-21,S044,坂本,京助,坂本 京助,yasuhiro00@example.net,千葉県,4,C011698,exact
ATT00862,リニューアルオープン記念イベント,2026-05-14,S007,渡辺,亮介,渡辺 亮介,takuma27@example.org,福井県,3,C006672,exact
ATT00863,キッチン用品試食会,2026-11-27,S004,伊藤,花子,伊藤 花子,yasuhiroyamada@example.org,大阪府,4,C002018,exact
ATT00864,春の新生活フェア,2026-05-12,S035,松本,結衣,松本 結衣,eyoshida@example.net,東京都,5,C003559,exact
ATT00865,冬のあったか家電フェア,2026-04-06,S007,山田,明美,山田 明美,xnakamura@example.org,富山県,5,C013780,exact
ATT00866,キッチン用品試食会,2026-02-19,S031,山下,翔太,山下 翔太,moriasuka@example.org,秋田県,4,C013666,new
ATT00867,春の新生活フェア,2026-06-08,S015,三浦,陽一,三浦 陽一,kaori24@example.net,岩手県,4,C017787,exact
ATT00868,夏の涼感体験会,2026-09-28,S024,山田,智也,山田 智也,satohideki@example.org,宮崎県,4,C009389,new
ATT00869,秋のインテリア相談会,2026-03-17,S006,阿部,直樹,阿部 直樹,myoshida@example.com,山形県,4,C018090,exact
ATT00870,秋のインテリア相談会,2026-05-20,S030,加藤,稔,加藤 稔,ryohei79@example.com,福島県,5,C012876,new
ATT00871,キッチン用品試食会,2026-04-01,S049,鈴木,香織,鈴木 香織,kyosuke98@example.com,福井県,2,C019833,exact
ATT00872,春の新生活フェア,2026-06-05,S049,遠藤,裕樹,遠藤 裕樹,yasuhiro67@example.net,宮崎県,4,C009529,new
ATT00873,秋のインテリア相談会,2026-08-09,S027,林,裕樹,林 裕樹,zmiura@example.org,東京都,4,C006280,exact
ATT00874,春の新生活フェア,2026-04-29,S018,斉藤,直人,斉藤 直人,jun67@example.net,静岡県,4,C006523,exact
ATT00875,春の新生活フェア,2026-03-28,S046,太田,裕美子,太田 裕美子,yukiyoshida@example.com,東京都,3,C009636,exact
ATT00876,冬のあったか家電フェア,2026-12-31,S025,田中,結衣,田中 結衣,yuta35@example.org,栃木県,4,C003408,exact
ATT00877,キッチン用品試食会,2026-02-11,S007,中村,京助,中村 京助,nakagawasayuri@example.org,三重県,3,C010686,new
ATT00878,キッチン用品試食会,2026-07-29,S003,松田,和也,松田 和也,osamu74@example.com,山梨県,4,C009351,new
ATT00879,冬のあったか家電フェア,2026-08-19,S012,村上,涼平,村上 涼平,naokookada@example.com,青森県,3,C018698,exact
ATT00880,春の新生活フェア,2026-02-23,S039,中村,直子,中村 直子,harukamori@example.org,岡山県,3,C012212,exact
ATT00881,春の新生活フェア,2026-05-21,S047,伊藤,くみ子,伊藤 くみ子,kumiko34@example.com,山形県,3,C005059,exact
ATT00882,春の新生活フェア,2026-05-01,S031,鈴木,和也,鈴木 和也,kenichiyamamoto@example.net,奈良県,4,C003579,new
ATT00883,秋のインテリア相談会,2026-07-19,S010,小林,結衣,小林 結衣,nsasaki@example.net,千葉県,4,C002966,new
ATT00884,リニューアルオープン記念イベント,2026-06-25,S007,高橋,花子,高橋 花子,yamamototaro@example.com,兵庫県,4,C007225,exact
ATT00885,春の新生活フェア,2026-09-23,S017,山崎,さゆり,山崎 さゆり,ftakahashi@example.net,鳥取県,2,C001362,uppercase
ATT00886,キッチン用品試食会,2026-06-18,S038,遠藤,健一,遠藤 健一,taroshimizu@example.org,愛知県,5,C012940,new
ATT00887,秋のインテリア相談会,2026-02-16,S007,鈴木,春香,鈴木 春香,inouechiyo@example.com,大阪府,5,C013997,new
ATT00888,夏の涼感体験会,2026-04-29,S025,福田,洋介,福田 洋介,qokada@example.com,広島県,3,C018455,exact
ATT00889,冬のあったか家電フェア,2026-12-24,S014,山田,里佳,山田 里佳,hayashisatomi@example.com,栃木県,4,C012814,exact
ATT00890,春の新生活フェア,2026-09-04,S029,加藤,翔太,加藤 翔太,suzukiyumiko@example.net,熊本県,3,C013333,exact
ATT00891,リニューアルオープン記念イベント,2026-03-13,S010,佐藤,智也,佐藤 智也,morichiyo@example.org,福島県,3,C005430,new
ATT00892,春の新生活フェア,2026-07-21,S010,山下,千代,山下 千代,taichisuzuki@example.org,栃木県,5,C008096,exact
ATT00893,夏の涼感体験会,2026-10-17,S040,伊藤,直子,伊藤 直子,mai98@example.org,岡山県,2,C003085,new
ATT00894,キッチン用品試食会,2026-03-11,S011,吉田,明美,吉田 明美,dyoshida@example.org,三重県,4,C016987,exact
ATT00895,秋のインテリア相談会,2026-06-08,S027,渡辺,花子,渡辺 花子,qnakajima@example.com,島根県,4,C003763,exact
ATT00896,キッチン用品試食会,2026-12-03,S046,長谷川,加奈,長谷川 加奈,jwatanabe@example.com,宮崎県,4,C015309,new
ATT00897,春の新生活フェア,2026-02-13,S016,岡本,篤司,岡本 篤司,gotoyui@example.net,鳥取県,4,C001561,exact
ATT00898,秋のインテリア相談会,2026-01-31,S020,加藤,花子,加藤 花子,yamamotomai@example.org,島根県,4,C009870,exact
ATT00899,夏の涼感体験会,2026-10-17,S044,三浦,七夏,三浦 七夏,satomiyamamoto@example.com,長野県,4,C017823,exact
ATT00900,キッチン用品試食会,2026-11-20,S025,山口,裕美子,山口 裕美子,yutaito@example.com,愛媛県,5,C012852,new
ATT00901,春の新生活フェア,2026-04-12,S005,鈴木,篤司,鈴木 篤司,chiyo68@example.org,和歌山県,4,C018696,new
ATT00902,冬のあったか家電フェア,2026-05-30,S040,小川,洋介,小川 洋介,kobayashitaichi@example.org,香川県,4,C004406,fullwidth
ATT00903,春の新生活フェア,2026-07-31,S046,田中,健一,田中 健一,rfujita@example.net,群馬県,4,C010158,new
ATT00904,春の新生活フェア,2026-05-18,S043,松本,充,松本 充,mikakomaeda@example.com,青森県,5,C006192,new
ATT00905,夏の涼感体験会,2026-10-29,S046,山崎,康弘,山崎 康弘,atsushi21@example.net,福岡県,5,C019844,new
ATT00906,春の新生活フェア,2026-12-05,S040,山本,充,山本 充,rikainoue@example.com,長野県,4,C008429,exact
ATT00907,夏の涼感体験会,2026-07-20,S049,伊藤,陽子,伊藤 陽子,itoatsushi@example.com,群馬県,5,C015221,new
ATT00908,春の新生活フェア,2026-04-05,S016,加藤,翼,加藤 翼,momoko02@example.org,徳島県,3,C015391,exact
ATT00909,秋のインテリア相談会,2026-05-02,S028,坂本,和也,坂本 和也,tomoya85@example.com,宮崎県,2,C002007,new
ATT00910,夏の涼感体験会,2026-06-27,S022,小林,稔,小林 稔,wyamashita@example.com,富山県,4,C001730,exact
ATT00911,夏の涼感体験会,2026-12-05,S017,伊藤,七夏,伊藤 七夏,hiroshikondo@example.com,埼玉県,5,C001612,new
ATT00912,冬のあったか家電フェア,2026-02-28,S012,清水,明美,清水 明美,takahashirika@example.org,山口県,4,C014459,new
ATT00913,秋のインテリア相談会,2026-10-14,S004,中村,智也,中村 智也,takahashikana@example.net,群馬県,2,C004846,exact
ATT00914,春の新生活フェア,2026-05-29,S007,小林,裕太,小林 裕太,ryosukeyoshida@example.com,京都府,3,C008561,exact
ATT00915,夏の涼感体験会,2026-06-15,S012,田中,直人,田中 直人,yoko38@example.com,富山県,3,C000837,exact
ATT00916,春の新生活フェア,2026-07-09,S004,斎藤,京助,斎藤 京助,knishimura@example.com,青森県,5,C018530,new
ATT00917,冬のあったか家電フェア,2026-12-22,S011,三浦,太郎,三浦 太郎,osamuyoshida@example.net,奈良県,4,C007416,exact
ATT00918,キッチン用品試食会,2026-12-30,S045,吉田,くみ子,吉田 くみ子,takumamatsumoto@example.com,東京都,3,C019701,exact
ATT00919,キッチン用品試食会,2026-03-06,S011,林,和也,林 和也,ghasegawa@example.com,広島県,4,C015836,new
ATT00920,春の新生活フェア,2026-06-16,S014,西村,和也,西村 和也,csato@example.com,岩手県,4,C006422,uppercase
ATT00921,夏の涼感体験会,2026-09-03,S020,林,英樹,林 英樹,yuihayashi@example.org,大分県,3,C017498,exact
ATT00922,春の新生活フェア,2026-03-28,S020,吉田,裕美子,吉田 裕美子,csato@example.com,栃木県,1,C018520,exact
ATT00923,夏の涼感体験会,2026-07-16,S029,田中,康弘,田中 康弘,mituru07@example.com,鹿児島県,4,C012938,exact
ATT00924,春の新生活フェア,2026-01-05,S036,田中,結衣,田中 結衣,gnakajima@example.org,新潟県,5,C009974,new
ATT00925,秋のインテリア相談会,2026-03-09,S014,石井,英樹,石井 英樹,sota@example.net,神奈川県,3,C009633,exact
ATT00926,春の新生活フェア,2026-10-07,S002,木村,修平,木村 修平,kyamaguchi@example.com,岐阜県,3,C016692,new
ATT00927,秋のインテリア相談会,2026-07-27,S002,鈴木,陽一,鈴木 陽一,ryosukefukuda@example.org,滋賀県,2,C009936,exact
ATT00928,冬のあったか家電フェア,2026-03-24,S046,村上,亮介,村上 亮介,ainoue@example.com,山形県,4,C006661,exact
ATT00929,キッチン用品試食会,2026-02-15,S047,渡辺,充,渡辺 充,yumiko46@example.org,青森県,4,C003238,exact
ATT00930,春の新生活フェア,2026-03-27,S032,松田,里佳,松田 里佳,takuma85@example.net,神奈川県,3,C007378,new
ATT00931,リニューアルオープン記念イベント,2026-06-29,S039,田中,花子,田中 花子,yoichiyamashita@example.org,熊本県,4,C013726,new
ATT00932,秋のインテリア相談会,2026-04-15,S029,松本,里佳,松本 里佳,itominoru@example.org,宮城県,3,C001278,exact
ATT00933,秋のインテリア相談会,2026-05-12,S001,長谷川,加奈,長谷川 加奈,vmori@example.com,山梨県,5,C007831,new
ATT00934,秋のインテリア相談会,2026-07-21,S003,藤井,千代,藤井 千代,kenichi16@example.org,山梨県,3,C019933,exact
ATT00935,冬のあったか家電フェア,2026-09-13,S039,伊藤,美加子,伊藤 美加子,shoheisuzuki@example.com,宮崎県,1,C007279,exact
ATT00936,冬のあったか家電フェア,2026-06-14,S034,山崎,健一,山崎 健一,miurajun@example.org,栃木県,4,C010790,new
ATT00937,春の新生活フェア,2026-08-20,S049,田中,あすか,田中 あすか,vkobayashi@example.net,高知県,4,C000315,exact
ATT00938,春の新生活フェア,2026-11-16,S049,斉藤,京助,斉藤 京助,suzukinanami@example.com,大阪府,2,C010606,new
ATT00939,冬のあったか家電フェア,2026-08-15,S038,木村,あすか,木村 あすか,minoruyamamoto@example.org,愛媛県,4,C015270,exact
ATT00940,冬のあったか家電フェア,2026-06-06,S014,吉田,千代,吉田 千代,ukato@example.org,青森県,5,C011482,exact
ATT00941,秋のインテリア相談会,2026-06-29,S049,佐藤,直樹,佐藤 直樹,atsushigoto@example.org,愛知県,2,C007151,exact
ATT00942,冬のあったか家電フェア,2026-01-29,S031,田中,陽一,田中 陽一,osamusato@example.com,奈良県,5,C007304,exact
ATT00943,春の新生活フェア,2026-07-04,S013,山口,淳,山口 淳,kana14@example.net,群馬県,4,C016524,new
ATT00944,夏の涼感体験会,2026-12-30,S004,高橋,太一,高橋 太一,momokoyamamoto@example.org,岐阜県,2,C008480,exact
ATT00945,冬のあったか家電フェア,2026-12-03,S044,木村,結衣,木村 結衣,fsaito@example.net,徳島県,3,C014580,new
ATT00946,秋のインテリア相談会,2026-03-24,S025,佐々木,結衣,佐々木 結衣,hanako95@example.net,京都府,5,C015577,exact
ATT00947,冬のあったか家電フェア,2026-02-27,S002,石川,太一,石川 太一,cmatsumoto@example.net,東京都,4,C017900,exact
ATT00948,秋のインテリア相談会,2026-06-03,S034,田中,晃,田中 晃,matsumotoyoko@example.com,福岡県,5,C002030,new
ATT00949,キッチン用品試食会,2026-06-23,S033,藤原,淳,藤原 淳,momoko92@example.net,静岡県,4,C012221,new
ATT00950,キッチン用品試食会,2026-08-18,S038,近藤,さゆり,近藤 さゆり,ishiiyosuke@example.org,岡山県,4,C014580,new
ATT00951,春の新生活フェア,2026-11-13,S007,斉藤,浩,斉藤 浩,ryoheinakamura@example.net,茨城県,3,C002606,exact
ATT00952,春の新生活フェア,2026-03-25,S050,加藤,裕美子,加藤 裕美子,kenichi32@example.org,福岡県,4,C001890,exact
ATT00953,春の新生活フェア,2026-03-09,S021,田中,直人,田中 直人,manabu88@example.com,石川県,4,C003188,exact
ATT00954,夏の涼感体験会,2026-09-26,S015,吉田,治,吉田 治,taichi98@example.org,三重県,4,C017569,new
ATT00955,リニューアルオープン記念イベント,2026-05-12,S048,小川,あすか,小川 あすか,hideki09@example.org,群馬県,4,C001217,exact
ATT00956,冬のあったか家電フェア,2026-02-08,S019,田中,真綾,田中 真綾,mikikimura@example.com,栃木県,5,C017214,new
ATT00957,冬のあったか家電フェア,2026-02-04,S002,山田,裕樹,山田 裕樹,sasakiyuta@example.org,広島県,5,C006007,exact
ATT00958,冬のあったか家電フェア,2026-04-21,S016,山田,学,山田 学,naoko25@example.org,宮城県,4,C004595,fullwidth
ATT00959,秋のインテリア相談会,2026-11-10,S015,高橋,花子,高橋 花子,akemi56@example.org,福岡県,4,C015335,exact
ATT00960,秋のインテリア相談会,2026-05-08,S027,吉田,直樹,吉田 直樹,saitoshohei@example.com,愛知県,4,C000475,exact
ATT00961,夏の涼感体験会,2026-07-30,S035,藤田,加奈,藤田 加奈,sshimizu@example.com,山形県,1,C017918,new
ATT00962,夏の涼感体験会,2026-07-09,S021,近藤,聡太郎,近藤 聡太郎,jyamamoto@example.net,栃木県,5,C018596,new
ATT00963,冬のあったか家電フェア,2026-11-10,S011,松本,太一,松本 太一,suzukishota@example.net,三重県,4,C013830,exact
ATT00964,夏の涼感体験会,2026-04-23,S039,山口,拓真,山口 拓真,kumiko28@example.com,京都府,4,C001387,new
ATT00965,リニューアルオープン記念イベント,2026-06-14,S048,高橋,陽一,高橋 陽一,kenichi00@example.net,愛媛県,4,C003657,exact
ATT00966,冬のあったか家電フェア,2026-11-10,S039,岡田,七夏,岡田 七夏,satomisakamoto@example.com,岐阜県,1,C008073,new
ATT00967,リニューアルオープン記念イベント,2026-01-05,S032,福田,直樹,福田 直樹,sayuriwatanabe@example.com,茨城県,5,C012645,new
ATT00968,春の新生活フェア,2026-04-15,S027,佐藤,翼,佐藤 翼,nanamiyamada@example.com,京都府,4,C013123,exact
ATT00969,春の新生活フェア,2026-12-13,S018,小林,美加子,小林 美加子,nakamurakenichi@example.org,群馬県,3,C002684,exact
ATT00970,春の新生活フェア,2026-08-20,S045,中村,さゆり,中村 さゆり,ctakahashi@example.com,広島県,5,C002106,exact
ATT00971,キッチン用品試食会,2026-10-03,S032,山田,太一,山田 太一,yoichi17@example.org,山形県,4,C015925,exact
ATT00972,キッチン用品試食会,2026-01-07,S006,石川,京助,石川 京助,xyamashita@example.org,宮崎県,4,C013309,exact
ATT00973,冬のあったか家電フェア,2026-12-03,S034,遠藤,健一,遠藤 健一,katokenichi@example.net,京都府,5,C003416,exact
ATT00974,冬のあったか家電フェア,2026-04-16,S046,青木,里佳,青木 里佳,taro64@example.net,滋賀県,5,C000224,exact
ATT00975,春の新生活フェア,2026-07-28,S033,山口,治,山口 治,kenichi08@example.net,富山県,1,C006472,exact
ATT00976,冬のあったか家電フェア,2026-09-21,S041,岡田,零,岡田 零,fujiwaramiki@example.org,福井県,1,C007527,exact
ATT00977,秋のインテリア相談会,2026-09-21,S011,鈴木,翼,鈴木 翼,kanasaito@example.org,石川県,3,C009194,exact
ATT00978,キッチン用品試食会,2026-02-08,S026,近藤,くみ子,近藤 くみ子,hmatsumoto@example.com,和歌山県,4,C017176,exact
ATT00979,キッチン用品試食会,2026-03-23,S011,吉田,翔太,吉田 翔太,kanasato@example.net,宮城県,4,C016049,exact
ATT00980,リニューアルオープン記念イベント,2026-07-15,S047,小川,桃子,小川 桃子,chiyo71@example.net,新潟県,4,C012656,exact
ATT00981,春の新生活フェア,2026-01-02,S036,後藤,くみ子,後藤 くみ子,sikeda@example.com,広島県,4,C013173,exact
ATT00982,夏の涼感体験会,2026-05-29,S022,山本,太一,山本 太一,mkobayashi@example.com,山梨県,5,C016394,exact
ATT00983,夏の涼感体験会,2026-09-06,S030,渡辺,篤司,渡辺 篤司,shotatakahashi@example.org,長野県,5,C019422,exact
ATT00984,春の新生活フェア,2026-01-18,S021,木村,智也,木村 智也,abesayuri@example.org,秋田県,5,C002866,new
ATT00985,キッチン用品試食会,2026-02-19,S001,岡本,太一,岡本 太一,yosuke82@example.com,福井県,4,C010493,exact
ATT00986,秋のインテリア相談会,2026-10-01,S030,森,桃子,森 桃子,lito@example.net,秋田県,4,C003414,exact
ATT00987,夏の涼感体験会,2026-09-12,S050,田中,健一,田中 健一,minoruendo@example.org,山口県,4,C004742,new
ATT00988,夏の涼感体験会,2026-12-13,S021,小林,治,小林 治,osamunakagawa@example.org,山口県,4,C004970,exact
ATT00989,春の新生活フェア,2026-05-22,S015,藤井,涼平,藤井 涼平,matsumotosotaro@example.com,栃木県,4,C017374,exact
ATT00990,秋のインテリア相談会,2026-05-18,S012,田中,亮介,田中 亮介,fsasaki@example.com,三重県,5,C017809,exact
ATT00991,冬のあったか家電フェア,2026-08-20,S024,松田,淳,松田 淳,miki92@example.org,山形県,5,C011489,uppercase
ATT00992,夏の涼感体験会,2026-07-17,S009,小林,花子,小林 花子,osuzuki@example.com,佐賀県,2,C012241,exact
ATT00993,秋のインテリア相談会,2026-11-24,S044,伊藤,涼平,伊藤 涼平,tsato@example.net,愛知県,4,C011653,exact
ATT00994,夏の涼感体験会,2026-12-26,S049,小林,裕美子,小林 裕美子,yamamotomiki@example.net,沖縄県,4,C009701,new
ATT00995,冬のあったか家電フェア,2026-08-03,S019,佐々木,洋介,佐々木 洋介,ryohei40@example.net,福島県,3,C003210,exact
ATT00996,リニューアルオープン記念イベント,2026-07-15,S025,鈴木,陽子,鈴木 陽子,takahashisatomi@example.com,広島県,4,C019742,new
ATT00997,秋のインテリア相談会,2026-11-21,S012,長谷川,幹,長谷川 幹,chiyosasaki@example.net,青森県,5,C000641,new
ATT00998,春の新生活フェア,2026-03-05,S044,小林,真綾,小林 真綾,naotofujiwara@example.net,福島県,3,C000419,exact
ATT00999,春の新生活フェア,2026-02-20,S045,斎藤,裕太,斎藤 裕太,taroyoshida@example.com,山形県,4,C009341,exact
ATT01000,キッチン用品試食会,2026-01-29,S050,渡辺,亮介,渡辺 亮介,shohei70@example.net,愛知県,5,C012180,exact
ATT01001,春の新生活フェア,2026-01-18,S013,佐々木,幹,佐々木 幹,aokimai@example.net,石川県,5,C001091,exact
ATT01002,秋のインテリア相談会,2026-07-01,S017,佐藤,裕樹,佐藤 裕樹,taronakajima@example.com,東京都,5,C009602,new
ATT01003,夏の涼感体験会,2026-11-12,S002,太田,陽一,太田 陽一,asato@example.com,神奈川県,5,C012341,exact
ATT01004,冬のあったか家電フェア,2026-01-03,S038,斉藤,拓真,斉藤 拓真,otakana@example.com,秋田県,5,C014435,new
ATT01005,春の新生活フェア,2026-08-01,S032,橋本,涼平,橋本 涼平,haruka31@example.org,京都府,1,C004941,new
ATT01006,春の新生活フェア,2026-10-29,S032,三浦,さゆり,三浦 さゆり,murakaminaoto@example.com,滋賀県,5,C008021,exact
ATT01007,春の新生活フェア,2026-10-05,S032,池田,七夏,池田 七夏,yamashitaminoru@example.com,岡山県,2,C001348,new
ATT01008,冬のあったか家電フェア,2026-09-12,S030,佐藤,康弘,佐藤 康弘,kyosukeyoshida@example.net,富山県,2,C007888,exact
ATT01009,夏の涼感体験会,2026-03-14,S046,斎藤,淳,斎藤 淳,yoichiishikawa@example.net,長野県,3,C009874,new
ATT01010,春の新生活フェア,2026-07-25,S046,石井,稔,石井 稔,sakamototsubasa@example.net,高知県,4,C019486,exact
ATT01011,リニューアルオープン記念イベント,2026-09-22,S017,斎藤,舞,斎藤 舞,ltakahashi@example.net,愛知県,3,C016073,exact
ATT01012,冬のあったか家電フェア,2026-08-09,S010,山下,直子,山下 直子,yikeda@example.com,愛知県,4,C001099,exact
ATT01013,春の新生活フェア,2026-12-13,S035,村上,花子,村上 花子,suzukiharuka@example.net,大阪府,3,C005528,exact
ATT01014,冬のあったか家電フェア,2026-12-25,S040,林,太郎,林 太郎,hayashihiroshi@example.net,神奈川県,4,C019742,new
ATT01015,秋のインテリア相談会,2026-10-06,S002,高橋,洋介,高橋 洋介,inouekyosuke@example.net,福岡県,1,C000121,exact
ATT01016,春の新生活フェア,2026-11-07,S044,井上,桃子,井上 桃子,mikako08@example.org,香川県,4,C004827,new
ATT01017,冬のあったか家電フェア,2026-11-06,S012,岡田,充,岡田 充,aokitaichi@example.net,大分県,4,C009422,new
ATT01018,春の新生活フェア,2026-12-24,S014,森,晃,森 晃,katominoru@example.org,山口県,5,C000654,exact
ATT01019,春の新生活フェア,2026-09-09,S038,西村,篤司,西村 篤司,ryohei49@example.com,群馬県,5,C018714,new
ATT01020,春の新生活フェア,2026-01-02,S032,佐々木,翔太,佐々木 翔太,chiyonakamura@example.com,大分県,5,C017615,new
ATT01021,リニューアルオープン記念イベント,2026-06-04,S002,林,裕太,林 裕太,maaya54@example.net,岡山県,5,C005013,new
ATT01022,冬のあったか家電フェア,2026-07-20,S009,山下,くみ子,山下 くみ子,sayuritanaka@example.net,東京都,4,C017615,exact
ATT01023,秋のインテリア相談会,2026-02-05,S027,井上,亮介,井上 亮介,rei87@example.net,青森県,2,C011839,exact
ATT01024,春の新生活フェア,2026-09-15,S043,岡本,陽子,岡本 陽子,osamukimura@example.net,埼玉県,1,C019042,exact
ATT01025,秋のインテリア相談会,2026-01-04,S026,前田,晃,前田 晃,binoue@example.org,奈良県,2,C017223,exact
ATT01026,夏の涼感体験会,2026-01-10,S048,鈴木,七夏,鈴木 七夏,zhayashi@example.net,沖縄県,3,C017793,exact
ATT01027,リニューアルオープン記念イベント,2026-06-05,S015,中川,拓真,中川 拓真,ryosukeyamashita@example.com,愛知県,5,C018876,exact
ATT01028,冬のあったか家電フェア,2026-11-06,S050,山田,翼,山田 翼,ryohei16@example.com,岩手県,4,C017439,new
ATT01029,冬のあったか家電フェア,2026-03-14,S016,佐々木,さゆり,佐々木 さゆり,jishikawa@example.org,石川県,1,C008575,exact
ATT01030,秋のインテリア相談会,2026-07-16,S037,吉田,稔,吉田 稔,kfujiwara@example.com,茨城県,3,C006434,exact
ATT01031,夏の涼感体験会,2026-07-02,S016,佐々木,あすか,佐々木 あすか,momoko68@example.net,長崎県,2,C014425,exact
ATT01032,秋のインテリア相談会,2026-03-04,S034,山田,花子,山田 花子,hayashisotaro@example.org,長崎県,5,C000107,exact
ATT01033,冬のあったか家電フェア,2026-02-27,S024,木村,充,木村 充,omatsuda@example.com,島根県,3,C014352,exact
ATT01034,夏の涼感体験会,2026-05-31,S031,林,直人,林 直人,suzukishota@example.org,石川県,4,C019657,exact
ATT01035,春の新生活フェア,2026-03-15,S015,青木,英樹,青木 英樹,dokada@example.org,長崎県,4,C003602,new
ATT01036,夏の涼感体験会,2026-03-18,S017,佐々木,さゆり,佐々木 さゆり,kondoatsushi@example.com,奈良県,5,C014753,new
ATT01037,夏の涼感体験会,2026-12-02,S047,山本,陽一,山本 陽一,qtakahashi@example.org,青森県,5,C000414,new
ATT01038,夏の涼感体験会,2026-01-02,S032,田中,くみ子,田中 くみ子,minoru00@example.net,三重県,4,C003263,new
ATT01039,秋のインテリア相談会,2026-08-13,S040,加藤,直樹,加藤 直樹,ishikawakenichi@example.com,熊本県,3,C017065,exact
ATT01040,キッチン用品試食会,2026-07-07,S020,木村,拓真,木村 拓真,miuranaoko@example.net,奈良県,4,C001959,exact
ATT01041,秋のインテリア相談会,2026-04-08,S031,中村,英樹,中村 英樹,saitoryosuke@example.net,和歌山県,4,C010213,exact
ATT01042,キッチン用品試食会,2026-08-27,S018,斉藤,香織,斉藤 香織,bito@example.net,埼玉県,4,C008025,exact
ATT01043,春の新生活フェア,2026-08-02,S006,小林,淳,小林 淳,rgoto@example.net,神奈川県,4,C002076,exact
ATT01044,冬のあったか家電フェア,2026-03-22,S026,山本,直人,山本 直人,tsubasa14@example.net,滋賀県,4,C005831,new
ATT01045,春の新生活フェア,2026-02-08,S040,中村,陽一,中村 陽一,kyosuke14@example.net,島根県,4,C016876,new
ATT01046,秋のインテリア相談会,2026-11-15,S019,林,七夏,林 七夏,chiyo29@example.com,静岡県,3,C008158,new
ATT01047,夏の涼感体験会,2026-03-13,S012,山田,さゆり,山田 さゆり,akira59@example.net,宮城県,4,C005235,new
ATT01048,冬のあったか家電フェア,2026-06-13,S005,佐藤,洋介,佐藤 洋介,uyoshida@example.org,石川県,3,C009323,new
ATT01049,夏の涼感体験会,2026-08-02,S047,伊藤,亮介,伊藤 亮介,okamotonaoko@example.net,岡山県,5,C010308,new
ATT01050,キッチン用品試食会,2026-09-11,S014,藤原,充,藤原 充,atsushimori@example.org,高知県,5,C017662,exact
ATT01051,キッチン用品試食会,2026-05-09,S001,山口,千代,山口 千代,eabe@example.org,富山県,4,C018134,new
ATT01052,リニューアルオープン記念イベント,2026-04-10,S006,鈴木,裕樹,鈴木 裕樹,suzukisotaro@example.com,群馬県,4,C014686,new
ATT01053,夏の涼感体験会,2026-05-26,S033,小林,洋介,小林 洋介,yumikowatanabe@example.org,愛知県,4,C018340,space
ATT01054,春の新生活フェア,2026-12-26,S010,藤田,学,藤田 学,rsuzuki@example.org,大分県,4,C002567,exact
ATT01055,春の新生活フェア,2026-05-17,S009,森,晃,森 晃,naotosato@example.com,奈良県,5,C009139,exact
ATT01056,キッチン用品試食会,2026-03-10,S038,松田,裕樹,松田 裕樹,okadakazuya@example.com,宮城県,5,C004167,new
ATT01057,夏の涼感体験会,2026-12-30,S049,長谷川,洋介,長谷川 洋介,sayuritakahashi@example.org,福井県,5,C009946,exact
ATT01058,春の新生活フェア,2026-09-24,S012,佐藤,涼平,佐藤 涼平,atsushi76@example.com,高知県,5,C013488,new
ATT01059,冬のあったか家電フェア,2026-05-11,S005,前田,稔,前田 稔,qyamazaki@example.com,滋賀県,1,C013067,exact
ATT01060,冬のあったか家電フェア,2026-05-25,S013,山田,康弘,山田 康弘,nokamoto@example.com,岡山県,3,C009241,space
ATT01061,キッチン用品試食会,2026-08-14,S049,長谷川,くみ子,長谷川 くみ子,gotochiyo@example.org,静岡県,3,C019356,exact
ATT01062,夏の涼感体験会,2026-12-17,S017,木村,陽一,木村 陽一,vtakahashi@example.org,兵庫県,4,C008880,exact
ATT01063,冬のあったか家電フェア,2026-12-05,S002,後藤,香織,後藤 香織,matsudashota@example.org,岩手県,4,C015850,exact
ATT01064,秋のインテリア相談会,2026-01-14,S005,田中,充,田中 充,shimizurika@example.org,大阪府,4,C003375,exact
ATT01065,秋のインテリア相談会,2026-11-25,S025,岡田,裕美子,岡田 裕美子,kyosuke19@example.com,鳥取県,4,C010819,exact
ATT01066,リニューアルオープン記念イベント,2026-01-09,S024,鈴木,里佳,鈴木 里佳,stanaka@example.net,千葉県,4,C014911,new
ATT01067,冬のあったか家電フェア,2026-06-21,S037,中川,千代,中川 千代,mikakosuzuki@example.org,愛媛県,4,C006995,new
ATT01068,冬のあったか家電フェア,2026-02-06,S014,加藤,香織,加藤 香織,mhayashi@example.net,兵庫県,4,C001662,exact
ATT01069,冬のあったか家電フェア,2026-03-27,S032,高橋,里佳,高橋 里佳,hanakoshimizu@example.com,京都府,5,C013077,new
ATT01070,夏の涼感体験会,2026-05-19,S030,加藤,篤司,加藤 篤司,hidekisato@example.org,神奈川県,3,C013260,fullwidth
ATT01071,春の新生活フェア,2026-01-16,S035,伊藤,直人,伊藤 直人,akira95@example.com,大分県,4,C003818,exact
ATT01072,夏の涼感体験会,2026-12-28,S003,中村,涼平,中村 涼平,yui89@example.com,茨城県,3,C015650,exact
ATT01073,秋のインテリア相談会,2026-01-04,S002,近藤,智也,近藤 智也,minoue@example.org,千葉県,4,C016617,exact
ATT01074,リニューアルオープン記念イベント,2026-03-02,S003,西村,真綾,西村 真綾,reiyamashita@example.org,山口県,4,C008438,exact
ATT01075,秋のインテリア相談会,2026-06-19,S034,井上,春香,井上 春香,yamazakiyui@example.com,島根県,5,C000822,new
ATT01076,リニューアルオープン記念イベント,2026-07-06,S043,田中,淳,田中 淳,tanakayasuhiro@example.org,長野県,5,C016403,new
ATT01077,春の新生活フェア,2026-10-12,S030,佐々木,花子,佐々木 花子,sasakimai@example.com,島根県,3,C003887,new
ATT01078,秋のインテリア相談会,2026-11-01,S016,斎藤,浩,斎藤 浩,psuzuki@example.com,神奈川県,3,C004157,exact
ATT01079,春の新生活フェア,2026-05-21,S012,山田,零,山田 零,takuma50@example.net,香川県,4,C010562,exact
ATT01080,リニューアルオープン記念イベント,2026-04-17,S023,松本,治,松本 治,maaya06@example.net,京都府,5,C004996,exact
ATT01081,春の新生活フェア,2026-10-24,S037,斎藤,太一,斎藤 太一,ltakahashi@example.org,沖縄県,5,C018919,exact
ATT01082,春の新生活フェア,2026-01-24,S047,加藤,直人,加藤 直人,wtanaka@example.com,京都府,2,C012120,new
ATT01083,春の新生活フェア,2026-09-30,S032,池田,裕美子,池田 裕美子,ckobayashi@example.net,栃木県,5,C019220,exact
ATT01084,秋のインテリア相談会,2026-01-15,S035,坂本,和也,坂本 和也,itanaka@example.com,山形県,3,C006979,exact
ATT01085,春の新生活フェア,2026-04-28,S013,池田,さゆり,池田 さゆり,gmurakami@example.net,青森県,1,C010311,exact
ATT01086,冬のあったか家電フェア,2026-01-20,S014,小川,あすか,小川 あすか,ytakahashi@example.org,愛知県,4,C010183,exact
ATT01087,冬のあったか家電フェア,2026-03-22,S038,小林,京助,小林 京助,eyamazaki@example.org,岡山県,4,C002215,exact
ATT01088,春の新生活フェア,2026-12-15,S048,高橋,京助,高橋 京助,rika02@example.com,福岡県,4,C003047,exact
ATT01089,キッチン用品試食会,2026-08-19,S041,伊藤,篤司,伊藤 篤司,yamamotohanako@example.net,青森県,5,C010399,exact
ATT01090,キッチン用品試食会,2026-11-19,S035,中村,知実,中村 知実,shoheikato@example.com,沖縄県,5,C001020,exact
ATT01091,春の新生活フェア,2026-10-10,S008,鈴木,春香,鈴木 春香,reinakamura@example.org,大阪府,5,C019964,exact
ATT01092,冬のあったか家電フェア,2026-05-11,S038,岡本,翔太,岡本 翔太,yumikoaoki@example.com,岐阜県,3,C010052,exact
ATT01093,春の新生活フェア,2026-01-24,S007,伊藤,里佳,伊藤 里佳,ehashimoto@example.org,島根県,4,C012260,exact
ATT01094,夏の涼感体験会,2026-11-03,S008,青木,陽子,青木 陽子,hanako42@example.org,熊本県,4,C010950,exact
ATT01095,冬のあったか家電フェア,2026-01-01,S015,中村,陽一,中村 陽一,sasakinaoto@example.org,福井県,3,C002885,exact
ATT01096,キッチン用品試食会,2026-01-18,S049,山下,充,山下 充,yumikokimura@example.net,香川県,5,C010190,exact
ATT01097,秋のインテリア相談会,2026-01-06,S031,中島,智也,中島 智也,takuma18@example.com,滋賀県,5,C001614,new
ATT01098,春の新生活フェア,2026-05-17,S026,佐藤,零,佐藤 零,bsaito@example.com,長野県,4,C002648,exact
ATT01099,冬のあったか家電フェア,2026-11-30,S014,松本,直樹,松本 直樹,sikeda@example.org,山形県,5,C016574,new
ATT01100,キッチン用品試食会,2026-11-25,S038,井上,陽一,井上 陽一,taichi05@example.org,鳥取県,5,C005617,exact
ATT01101,秋のインテリア相談会,2026-11-04,S027,近藤,舞,近藤 舞,haruka47@example.com,徳島県,5,C016102,exact
ATT01102,冬のあったか家電フェア,2026-05-10,S038,岡本,春香,岡本 春香,kito@example.net,徳島県,5,C013252,new
ATT01103,秋のインテリア相談会,2026-11-08,S037,高橋,治,高橋 治,ryohei66@example.net,広島県,5,C004584,exact
ATT01104,夏の涼感体験会,2026-08-26,S027,石川,英樹,石川 英樹,eokamoto@example.org,栃木県,4,C018954,uppercase
ATT01105,冬のあったか家電フェア,2026-10-24,S006,池田,桃子,池田 桃子,gtanaka@example.com,滋賀県,5,C015647,exact
ATT01106,冬のあったか家電フェア,2026-06-03,S002,井上,太一,井上 太一,osuzuki@example.net,宮崎県,5,C005155,new
ATT01107,夏の涼感体験会,2026-10-01,S039,高橋,千代,高橋 千代,kaori20@example.net,徳島県,4,C006011,new
ATT01108,秋のインテリア相談会,2026-12-25,S049,石川,さゆり,石川 さゆり,asukatakahashi@example.com,奈良県,5,C015640,new
ATT01109,キッチン用品試食会,2026-03-07,S020,田中,陽一,田中 陽一,fujiisotaro@example.com,和歌山県,5,C019918,exact
ATT01110,夏の涼感体験会,2026-04-09,S011,高橋,知実,高橋 知実,satomi86@example.net,石川県,4,C001428,exact
ATT01111,キッチン用品試食会,2026-11-23,S049,山口,直子,山口 直子,junnakamura@example.net,徳島県,5,C018945,new
ATT01112,リニューアルオープン記念イベント,2026-08-19,S021,斉藤,智也,斉藤 智也,itotaichi@example.net,山形県,1,C009005,new
ATT01113,春の新生活フェア,2026-09-08,S019,井上,くみ子,井上 くみ子,yumikosasaki@example.com,愛知県,5,C004960,exact
ATT01114,冬のあったか家電フェア,2026-08-21,S036,中川,真綾,中川 真綾,asato@example.org,長野県,5,C003276,exact
ATT01115,キッチン用品試食会,2026-02-01,S006,阿部,幹,阿部 幹,skondo@example.org,福島県,2,C007381,exact
ATT01116,夏の涼感体験会,2026-11-29,S030,中村,零,中村 零,atsushiito@example.org,群馬県,5,C001564,exact
ATT01117,秋のインテリア相談会,2026-05-18,S040,長谷川,陽一,長谷川 陽一,otayui@example.net,宮崎県,5,C015621,exact
ATT01118,春の新生活フェア,2026-09-08,S010,吉田,太一,吉田 太一,hiroshi94@example.com,栃木県,2,C002169,new
ATT01119,リニューアルオープン記念イベント,2026-09-14,S035,坂本,桃子,坂本 桃子,kondoryosuke@example.net,兵庫県,4,C008553,exact
ATT01120,冬のあったか家電フェア,2026-12-18,S037,山口,拓真,山口 拓真,ryoheimaeda@example.com,香川県,5,C015641,new
ATT01121,春の新生活フェア,2026-12-06,S006,吉田,英樹,吉田 英樹,otanaoto@example.com,茨城県,3,C008872,new
ATT01122,キッチン用品試食会,2026-03-27,S034,山崎,さゆり,山崎 さゆり,sasakiyuta@example.com,徳島県,5,C017646,exact
ATT01123,秋のインテリア相談会,2026-08-08,S031,山口,拓真,山口 拓真,shohei70@example.org,福岡県,4,C002834,exact
ATT01124,冬のあったか家電フェア,2026-10-03,S048,森,裕太,森 裕太,yamadataro@example.com,徳島県,4,C001458,new
ATT01125,春の新生活フェア,2026-12-28,S004,池田,直人,池田 直人,qtanaka@example.com,長野県,5,C017851,new
ATT01126,春の新生活フェア,2026-02-03,S016,田中,洋介,田中 洋介,nokamoto@example.com,東京都,4,C015013,exact
ATT01127,リニューアルオープン記念イベント,2026-01-04,S005,鈴木,さゆり,鈴木 さゆり,yamamotomituru@example.com,愛媛県,5,C005652,exact
ATT01128,秋のインテリア相談会,2026-11-08,S032,加藤,美加子,加藤 美加子,momoko38@example.net,神奈川県,3,C002043,exact
ATT01129,夏の涼感体験会,2026-09-01,S028,山下,浩,山下 浩,takahashirei@example.org,福井県,3,C008313,uppercase
ATT01130,冬のあったか家電フェア,2026-07-31,S047,藤田,亮介,藤田 亮介,kaori30@example.net,岩手県,4,C000999,new
ATT01131,秋のインテリア相談会,2026-07-29,S011,村上,陽子,村上 陽子,yamamotoyumiko@example.com,長崎県,5,C004214,exact
ATT01132,キッチン用品試食会,2026-12-07,S029,山崎,浩,山崎 浩,reitanaka@example.org,石川県,4,C012789,new
ATT01133,冬のあったか家電フェア,2026-06-04,S018,佐藤,涼平,佐藤 涼平,katonaoko@example.org,佐賀県,3,C007263,exact
ATT01134,秋のインテリア相談会,2026-04-24,S043,吉田,春香,吉田 春香,ssaito@example.com,栃木県,5,C013403,new
ATT01135,秋のインテリア相談会,2026-07-14,S050,森,桃子,森 桃子,sotaro32@example.net,山形県,5,C004562,exact
ATT01136,春の新生活フェア,2026-12-20,S028,山口,千代,山口 千代,momoko87@example.org,広島県,4,C019627,exact
ATT01137,夏の涼感体験会,2026-01-11,S043,佐藤,裕美子,佐藤 裕美子,yui34@example.org,神奈川県,3,C010192,exact
ATT01138,冬のあったか家電フェア,2026-11-10,S006,阿部,康弘,阿部 康弘,hasegawatsubasa@example.net,山口県,4,C008963,exact
ATT01139,春の新生活フェア,2026-02-06,S029,阿部,亮介,阿部 亮介,maayatakahashi@example.org,福井県,2,C007102,exact
ATT01140,春の新生活フェア,2026-12-26,S036,伊藤,千代,伊藤 千代,zmatsumoto@example.net,富山県,1,C005579,exact
ATT01141,リニューアルオープン記念イベント,2026-11-03,S010,中村,加奈,中村 加奈,ryohei90@example.com,神奈川県,2,C000936,new
ATT01142,リニューアルオープン記念イベント,2026-08-15,S016,斎藤,太一,斎藤 太一,kobayashisayuri@example.org,東京都,4,C002598,fullwidth
ATT01143,秋のインテリア相談会,2026-02-20,S037,斎藤,洋介,斎藤 洋介,satotakuma@example.net,神奈川県,4,C015387,exact
ATT01144,春の新生活フェア,2026-02-02,S030,森,千代,森 千代,yutawatanabe@example.com,石川県,4,C011748,exact
ATT01145,リニューアルオープン記念イベント,2026-06-23,S045,太田,裕美子,太田 裕美子,yoichi18@example.com,宮崎県,5,C018897,new
ATT01146,リニューアルオープン記念イベント,2026-06-14,S006,鈴木,春香,鈴木 春香,ryosukematsumoto@example.com,兵庫県,3,C010813,exact
ATT01147,春の新生活フェア,2026-05-09,S034,木村,幹,木村 幹,nakagawatsubasa@example.org,新潟県,1,C004878,new
ATT01148,冬のあったか家電フェア,2026-03-03,S008,山本,篤司,山本 篤司,hanakokobayashi@example.com,大分県,4,C019093,exact
ATT01149,キッチン用品試食会,2026-02-09,S041,長谷川,和也,長谷川 和也,hanakoyamamoto@example.org,兵庫県,4,C011321,exact
ATT01150,冬のあったか家電フェア,2026-01-22,S028,山口,里佳,山口 里佳,xtakahashi@example.net,愛媛県,4,C012507,new
ATT01151,冬のあったか家電フェア,2026-09-16,S013,伊藤,翼,伊藤 翼,jota@example.org,高知県,4,C019655,exact
ATT01152,夏の涼感体験会,2026-01-03,S044,松田,和也,松田 和也,fyamamoto@example.org,高知県,3,C005804,new
ATT01153,秋のインテリア相談会,2026-05-09,S011,松本,修平,松本 修平,asuka25@example.org,熊本県,4,C019830,exact
ATT01154,春の新生活フェア,2026-08-18,S045,田中,七夏,田中 七夏,kazuyakobayashi@example.net,神奈川県,4,C005685,exact
ATT01155,夏の涼感体験会,2026-11-13,S030,山下,香織,山下 香織,msasaki@example.net,沖縄県,5,C008252,exact
ATT01156,夏の涼感体験会,2026-09-13,S024,藤原,裕樹,藤原 裕樹,aogawa@example.com,徳島県,5,C006904,new
ATT01157,リニューアルオープン記念イベント,2026-06-02,S032,佐藤,修平,佐藤 修平,vyamamoto@example.org,山口県,4,C007866,exact
ATT01158,秋のインテリア相談会,2026-08-13,S041,林,太郎,林 太郎,tsuzuki@example.org,島根県,4,C004424,exact
ATT01159,春の新生活フェア,2026-01-07,S037,井上,亮介,井上 亮介,katonaoto@example.com,宮崎県,5,C005271,exact
ATT01160,冬のあったか家電フェア,2026-08-17,S041,松本,零,松本 零,iito@example.net,島根県,5,C016273,new
ATT01161,夏の涼感体験会,2026-06-10,S017,井上,幹,井上 幹,satoryohei@example.com,鳥取県,4,C019817,new
ATT01162,夏の涼感体験会,2026-05-01,S022,小川,洋介,小川 洋介,saitokumiko@example.org,栃木県,4,C006233,exact
ATT01163,夏の涼感体験会,2026-12-09,S012,井上,零,井上 零,yuki77@example.com,東京都,4,C010522,exact
ATT01164,春の新生活フェア,2026-02-11,S009,高橋,晃,高橋 晃,tyoshida@example.net,神奈川県,5,C012919,new
ATT01165,キッチン用品試食会,2026-12-13,S034,木村,さゆり,木村 さゆり,qyamamoto@example.net,長崎県,5,C009395,exact
ATT01166,キッチン用品試食会,2026-03-18,S038,田中,太郎,田中 太郎,qyamada@example.org,茨城県,2,C006239,exact
ATT01167,夏の涼感体験会,2026-09-17,S020,山田,真綾,山田 真綾,hiroshi21@example.com,宮城県,5,C006283,exact
ATT01168,秋のインテリア相談会,2026-12-04,S016,太田,淳,太田 淳,naokoabe@example.com,埼玉県,5,C011861,exact
ATT01169,リニューアルオープン記念イベント,2026-09-07,S024,佐藤,花子,佐藤 花子,kazuyakato@example.com,鳥取県,4,C015489,exact
ATT01170,秋のインテリア相談会,2026-02-01,S042,西村,和也,西村 和也,yamaguchiakira@example.org,島根県,2,C008668,exact
ATT01171,夏の涼感体験会,2026-10-06,S037,中村,七夏,中村 七夏,manabu50@example.org,京都府,4,C007797,new
ATT01172,春の新生活フェア,2026-06-15,S035,中村,裕太,中村 裕太,chiyoshimizu@example.com,鳥取県,4,C009810,new
ATT01173,キッチン用品試食会,2026-08-10,S022,山本,学,山本 学,qsuzuki@example.com,宮城県,5,C003625,new
ATT01174,リニューアルオープン記念イベント,2026-03-13,S011,高橋,美加子,高橋 美加子,fyamazaki@example.net,石川県,4,C015304,exact
ATT01175,キッチン用品試食会,2026-02-16,S046,山口,晃,山口 晃,mikako38@example.com,沖縄県,4,C003977,exact
ATT01176,春の新生活フェア,2026-06-08,S034,高橋,明美,高橋 明美,pfujii@example.com,福島県,4,C009655,new
ATT01177,リニューアルオープン記念イベント,2026-04-15,S038,長谷川,くみ子,長谷川 くみ子,akemisato@example.com,佐賀県,4,C007374,exact
ATT01178,秋のインテリア相談会,2026-03-15,S004,佐藤,知実,佐藤 知実,dtanaka@example.org,滋賀県,4,C000288,exact
ATT01179,夏の涼感体験会,2026-07-25,S029,太田,裕太,太田 裕太,taro66@example.net,福岡県,5,C016969,exact
ATT01180,リニューアルオープン記念イベント,2026-07-04,S032,山田,裕美子,山田 裕美子,mai93@example.org,山形県,5,C003428,exact
ATT01181,冬のあったか家電フェア,2026-11-02,S006,石井,翔太,石井 翔太,minoru07@example.org,茨城県,5,C011591,exact
ATT01182,夏の涼感体験会,2026-11-28,S003,藤田,花子,藤田 花子,tanakahideki@example.org,愛媛県,4,C002124,new
ATT01183,夏の涼感体験会,2026-07-12,S003,山田,稔,山田 稔,nanamiito@example.com,広島県,4,C011748,exact
ATT01184,キッチン用品試食会,2026-03-19,S029,伊藤,直樹,伊藤 直樹,mikakokimura@example.com,福岡県,4,C005370,exact
ATT01185,冬のあったか家電フェア,2026-08-09,S005,山下,里佳,山下 里佳,tnishimura@example.org,青森県,4,C010279,exact
ATT01186,冬のあったか家電フェア,2026-04-25,S009,遠藤,洋介,遠藤 洋介,fukudakaori@example.org,大分県,3,C000121,exact
ATT01187,秋のインテリア相談会,2026-03-19,S035,吉田,智也,吉田 智也,katonaoki@example.com,千葉県,3,C001700,exact
ATT01188,夏の涼感体験会,2026-07-06,S021,藤井,陽一,藤井 陽一,watanabehideki@example.com,神奈川県,4,C002218,exact
ATT01189,春の新生活フェア,2026-02-12,S047,佐々木,治,佐々木 治,kondotomoya@example.net,佐賀県,4,C015640,new
ATT01190,冬のあったか家電フェア,2026-05-15,S041,阿部,陽一,阿部 陽一,yosukefukuda@example.org,佐賀県,4,C017046,exact
ATT01191,春の新生活フェア,2026-01-02,S040,三浦,千代,三浦 千代,manabusuzuki@example.org,広島県,3,C009709,new
ATT01192,春の新生活フェア,2026-12-10,S023,松本,春香,松本 春香,saitosatomi@example.com,香川県,3,C007433,exact
ATT01193,キッチン用品試食会,2026-04-13,S035,佐藤,直子,佐藤 直子,naoki80@example.org,和歌山県,4,C001233,exact
ATT01194,冬のあったか家電フェア,2026-02-02,S050,佐々木,太郎,佐々木 太郎,aokiyasuhiro@example.net,富山県,4,C018910,exact
ATT01195,夏の涼感体験会,2026-08-13,S039,斎藤,拓真,斎藤 拓真,yasuhiroito@example.com,香川県,3,C006779,exact
ATT01196,夏の涼感体験会,2026-06-15,S045,加藤,康弘,加藤 康弘,whayashi@example.com,福井県,5,C006631,exact
ATT01197,秋のインテリア相談会,2026-09-08,S040,山田,英樹,山田 英樹,kobayashimai@example.net,神奈川県,5,C001736,exact
ATT01198,キッチン用品試食会,2026-01-21,S007,山下,陽子,山下 陽子,hidekisuzuki@example.org,長崎県,4,C007871,new
ATT01199,春の新生活フェア,2026-01-31,S006,加藤,康弘,加藤 康弘,hito@example.net,広島県,5,C013665,exact
ATT01200,冬のあったか家電フェア,2026-06-30,S014,山下,聡太郎,山下 聡太郎,maimatsumoto@example.com,山口県,3,C010138,new
ATT01201,冬のあったか家電フェア,2026-09-08,S044,岡本,修平,岡本 修平,tomoya84@example.org,岐阜県,4,C004253,exact
ATT01202,夏の涼感体験会,2026-04-19,S002,田中,篤司,田中 篤司,osamu23@example.org,広島県,4,C010573,uppercase
ATT01203,冬のあったか家電フェア,2026-08-30,S047,高橋,裕樹,高橋 裕樹,rei00@example.net,大阪府,5,C011830,exact
ATT01204,リニューアルオープン記念イベント,2026-05-08,S003,池田,太郎,池田 太郎,atsushitanaka@example.com,福岡県,4,C014243,exact
ATT01205,キッチン用品試食会,2026-10-01,S022,後藤,裕太,後藤 裕太,inouemaaya@example.net,山形県,4,C018676,exact
ATT01206,春の新生活フェア,2026-03-02,S009,高橋,京助,高橋 京助,hiroshi73@example.com,愛知県,2,C007352,exact
ATT01207,冬のあったか家電フェア,2026-10-15,S035,坂本,亮介,坂本 亮介,aabe@example.org,福井県,4,C004777,exact
ATT01208,夏の涼感体験会,2026-05-05,S050,山本,康弘,山本 康弘,gotokyosuke@example.net,神奈川県,4,C017092,exact
ATT01209,夏の涼感体験会,2026-06-17,S050,山本,拓真,山本 拓真,tsubasa88@example.com,福井県,5,C010613,new
ATT01210,キッチン用品試食会,2026-08-20,S030,中村,くみ子,中村 くみ子,minorukobayashi@example.net,滋賀県,4,C006469,exact
ATT01211,春の新生活フェア,2026-07-29,S035,松田,聡太郎,松田 聡太郎,reisato@example.com,愛媛県,5,C015463,exact
ATT01212,秋のインテリア相談会,2026-10-28,S018,林,淳,林 淳,lota@example.org,長野県,4,C009937,exact
ATT01213,春の新生活フェア,2026-04-03,S024,伊藤,結衣,伊藤 結衣,sayuri51@example.net,東京都,1,C008630,exact
ATT01214,冬のあったか家電フェア,2026-09-25,S017,池田,くみ子,池田 くみ子,yutawatanabe@example.org,群馬県,3,C000298,exact
ATT01215,春の新生活フェア,2026-07-10,S015,小林,篤司,小林 篤司,yoko70@example.org,東京都,4,C017232,exact
ATT01216,キッチン用品試食会,2026-03-20,S042,伊藤,浩,伊藤 浩,kazuyaokamoto@example.org,埼玉県,3,C000428,new
ATT01217,冬のあったか家電フェア,2026-08-06,S006,鈴木,香織,鈴木 香織,osamu47@example.org,高知県,3,C003451,exact
ATT01218,冬のあったか家電フェア,2026-03-18,S039,山本,拓真,山本 拓真,yamamotoryosuke@example.org,栃木県,3,C007697,exact
ATT01219,春の新生活フェア,2026-08-09,S007,近藤,英樹,近藤 英樹,yamamotomai@example.com,山梨県,3,C011049,space
ATT01220,冬のあったか家電フェア,2026-08-13,S025,藤井,太一,藤井 太一,akemi57@example.net,奈良県,3,C009674,new
ATT01221,春の新生活フェア,2026-09-19,S041,伊藤,陽子,伊藤 陽子,sotaro42@example.org,千葉県,3,C016491,exact
ATT01222,春の新生活フェア,2026-05-03,S015,伊藤,陽子,伊藤 陽子,fujiwarakaori@example.org,北海道,5,C015912,exact
ATT01223,春の新生活フェア,2026-01-03,S011,太田,くみ子,太田 くみ子,zyamada@example.org,岩手県,5,C001922,exact
ATT01224,春の新生活フェア,2026-02-25,S032,中村,京助,中村 京助,hideki60@example.org,佐賀県,4,C003610,new
ATT01225,春の新生活フェア,2026-07-22,S011,伊藤,英樹,伊藤 英樹,satomitanaka@example.org,東京都,3,C011673,new
ATT01226,春の新生活フェア,2026-08-01,S045,佐藤,涼平,佐藤 涼平,jun44@example.org,滋賀県,5,C014319,uppercase
ATT01227,秋のインテリア相談会,2026-05-26,S012,伊藤,拓真,伊藤 拓真,zhashimoto@example.com,北海道,3,C014345,exact
ATT01228,冬のあったか家電フェア,2026-03-18,S006,林,舞,林 舞,hiroshihashimoto@example.net,北海道,3,C005038,exact
ATT01229,リニューアルオープン記念イベント,2026-12-05,S024,三浦,康弘,三浦 康弘,shimizuyoichi@example.org,徳島県,5,C009628,exact
ATT01230,春の新生活フェア,2026-08-28,S045,木村,淳,木村 淳,murakamishohei@example.net,石川県,4,C009943,exact
ATT01231,春の新生活フェア,2026-05-30,S013,高橋,知実,高橋 知実,suzukiatsushi@example.net,神奈川県,3,C018221,exact
ATT01232,秋のインテリア相談会,2026-03-18,S037,佐藤,浩,佐藤 浩,ryoheiito@example.net,岐阜県,4,C007707,new
ATT01233,春の新生活フェア,2026-08-30,S027,佐々木,直人,佐々木 直人,hiroshi99@example.com,千葉県,5,C013992,new
ATT01234,春の新生活フェア,2026-08-07,S009,清水,結衣,清水 結衣,yamazakitaichi@example.com,富山県,4,C011802,exact
ATT01235,秋のインテリア相談会,2026-05-10,S020,西村,治,西村 治,tomoya94@example.net,岩手県,4,C010517,uppercase
ATT01236,冬のあったか家電フェア,2026-02-17,S026,佐々木,亮介,佐々木 亮介,yutatanaka@example.net,徳島県,1,C005315,exact
ATT01237,キッチン用品試食会,2026-03-20,S021,渡辺,和也,渡辺 和也,yumikohayashi@example.net,大阪府,3,C012621,exact
ATT01238,冬のあったか家電フェア,2026-05-09,S009,山崎,陽子,山崎 陽子,minorusuzuki@example.com,埼玉県,3,C001938,exact
ATT01239,冬のあったか家電フェア,2026-01-16,S049,小林,桃子,小林 桃子,takumayamashita@example.org,滋賀県,3,C010196,exact
ATT01240,秋のインテリア相談会,2026-02-23,S027,前田,加奈,前田 加奈,satomitanaka@example.com,高知県,5,C014308,exact
ATT01241,冬のあったか家電フェア,2026-11-07,S046,三浦,亮介,三浦 亮介,hmatsuda@example.org,千葉県,4,C014340,exact
ATT01242,冬のあったか家電フェア,2026-02-24,S049,中村,淳,中村 淳,satomifukuda@example.com,熊本県,5,C006349,new
ATT01243,冬のあったか家電フェア,2026-08-18,S037,高橋,香織,高橋 香織,ryosuke49@example.org,岐阜県,4,C010359,new
ATT01244,冬のあったか家電フェア,2026-01-02,S050,高橋,和也,高橋 和也,yamamotomiki@example.org,佐賀県,4,C000503,exact
ATT01245,夏の涼感体験会,2026-09-07,S040,山崎,智也,山崎 智也,naokohayashi@example.com,高知県,3,C018609,new
ATT01246,キッチン用品試食会,2026-10-16,S026,木村,洋介,木村 洋介,asukamatsumoto@example.org,沖縄県,4,C002497,new
ATT01247,夏の涼感体験会,2026-12-31,S002,佐藤,知実,佐藤 知実,shotaishii@example.org,長崎県,2,C010746,new
ATT01248,夏の涼感体験会,2026-10-18,S044,山口,篤司,山口 篤司,maaya00@example.org,福島県,4,C011015,new
ATT01249,リニューアルオープン記念イベント,2026-02-04,S046,伊藤,結衣,伊藤 結衣,tarosasaki@example.net,北海道,4,C013792,new
ATT01250,冬のあったか家電フェア,2026-03-31,S034,小林,七夏,小林 七夏,katoyumiko@example.com,岐阜県,3,C010793,new
ATT01251,春の新生活フェア,2026-02-05,S036,阿部,さゆり,阿部 さゆり,yumiko38@example.net,山形県,3,C004997,new
ATT01252,秋のインテリア相談会,2026-01-27,S019,石川,くみ子,石川 くみ子,ryoheisuzuki@example.org,茨城県,4,C002195,new
ATT01253,春の新生活フェア,2026-04-01,S003,吉田,直子,吉田 直子,yamamototomoya@example.com,京都府,4,C004510,new
ATT01254,春の新生活フェア,2026-08-02,S007,石川,涼平,石川 涼平,sotarohashimoto@example.com,岩手県,5,C012024,exact
ATT01255,冬のあったか家電フェア,2026-12-23,S026,坂本,修平,坂本 修平,akira80@example.org,島根県,3,C016124,exact
ATT01256,春の新生活フェア,2026-01-31,S018,伊藤,直樹,伊藤 直樹,chiyoyoshida@example.com,北海道,5,C010693,exact
ATT01257,秋のインテリア相談会,2026-04-12,S039,山本,晃,山本 晃,yuki24@example.com,静岡県,5,C000187,exact
ATT01258,春の新生活フェア,2026-07-25,S039,渡辺,太郎,渡辺 太郎,reisakamoto@example.net,三重県,2,C004060,new
ATT01259,秋のインテリア相談会,2026-04-17,S043,加藤,拓真,加藤 拓真,taichisasaki@example.org,茨城県,4,C015210,exact
ATT01260,春の新生活フェア,2026-10-08,S018,長谷川,拓真,長谷川 拓真,ktakahashi@example.com,長崎県,5,C002571,exact
ATT01261,春の新生活フェア,2026-09-06,S038,渡辺,真綾,渡辺 真綾,kenichi23@example.org,埼玉県,4,C004428,exact
ATT01262,秋のインテリア相談会,2026-11-08,S021,藤原,花子,藤原 花子,maisuzuki@example.com,愛知県,4,C002270,exact
ATT01263,冬のあったか家電フェア,2026-12-04,S009,中村,修平,中村 修平,taichimatsumoto@example.com,愛知県,3,C016687,exact
ATT01264,リニューアルオープン記念イベント,2026-02-24,S011,鈴木,翔太,鈴木 翔太,itoyasuhiro@example.com,宮崎県,3,C006247,exact
ATT01265,冬のあったか家電フェア,2026-12-31,S040,山崎,拓真,山崎 拓真,kenichiyamada@example.net,三重県,5,C011651,exact
ATT01266,夏の涼感体験会,2026-04-19,S019,鈴木,稔,鈴木 稔,anakajima@example.com,大阪府,4,C006779,exact
ATT01267,リニューアルオープン記念イベント,2026-08-03,S046,岡田,洋介,岡田 洋介,hiroshiikeda@example.com,愛知県,5,C014231,new
ATT01268,冬のあったか家電フェア,2026-11-15,S038,松本,翼,松本 翼,kana40@example.com,栃木県,4,C003399,new
ATT01269,リニューアルオープン記念イベント,2026-12-24,S034,岡本,浩,岡本 浩,yoichi67@example.com,福岡県,5,C010844,exact
ATT01270,秋のインテリア相談会,2026-10-28,S040,斎藤,京助,斎藤 京助,saitonanami@example.net,沖縄県,4,C014425,new
ATT01271,キッチン用品試食会,2026-04-23,S022,佐藤,治,佐藤 治,kimurayasuhiro@example.net,群馬県,3,C006760,exact
ATT01272,春の新生活フェア,2026-02-06,S049,鈴木,亮介,鈴木 亮介,yamamotoakira@example.net,高知県,4,C003604,new
ATT01273,秋のインテリア相談会,2026-07-18,S007,佐藤,幹,佐藤 幹,hhasegawa@example.com,鹿児島県,3,C012635,new
ATT01274,夏の涼感体験会,2026-01-05,S018,小林,学,小林 学,hiroshi78@example.org,静岡県,3,C001781,exact
ATT01275,夏の涼感体験会,2026-11-07,S048,田中,くみ子,田中 くみ子,yamamotohiroshi@example.net,新潟県,4,C002019,new
ATT01276,秋のインテリア相談会,2026-11-19,S013,加藤,香織,加藤 香織,yoshidasatomi@example.net,高知県,4,C000818,exact
ATT01277,キッチン用品試食会,2026-06-29,S031,高橋,直人,高橋 直人,taichiyamamoto@example.com,宮城県,4,C002686,exact
ATT01278,冬のあったか家電フェア,2026-12-19,S044,小川,聡太郎,小川 聡太郎,akira19@example.org,和歌山県,4,C007516,new
ATT01279,春の新生活フェア,2026-06-06,S017,田中,翼,田中 翼,yasuhiroyamashita@example.org,徳島県,2,C000698,exact
ATT01280,キッチン用品試食会,2026-07-15,S036,加藤,陽一,加藤 陽一,myoshida@example.com,和歌山県,4,C005697,exact
ATT01281,夏の涼感体験会,2026-02-01,S032,山本,直子,山本 直子,wsuzuki@example.org,北海道,5,C013020,exact
ATT01282,春の新生活フェア,2026-07-14,S022,山崎,充,山崎 充,ctakahashi@example.com,東京都,4,C003501,exact
ATT01283,春の新生活フェア,2026-04-06,S041,村上,学,村上 学,yokosaito@example.org,三重県,5,C008063,exact
ATT01284,冬のあったか家電フェア,2026-08-12,S008,鈴木,浩,鈴木 浩,tsubasakato@example.org,大分県,4,C001624,exact
ATT01285,キッチン用品試食会,2026-07-13,S003,西村,美加子,西村 美加子,xsato@example.org,長野県,5,C003120,exact
ATT01286,冬のあったか家電フェア,2026-01-30,S016,木村,くみ子,木村 くみ子,chiyo89@example.org,徳島県,4,C003497,new
ATT01287,春の新生活フェア,2026-12-16,S047,鈴木,幹,鈴木 幹,mikakoinoue@example.org,広島県,5,C002280,new
ATT01288,秋のインテリア相談会,2026-01-10,S040,佐々木,裕樹,佐々木 裕樹,yasuhirookamoto@example.org,広島県,4,C017493,exact
ATT01289,夏の涼感体験会,2026-03-15,S045,田中,聡太郎,田中 聡太郎,kyosukeinoue@example.com,茨城県,4,C011795,new
ATT01290,冬のあったか家電フェア,2026-12-11,S029,石井,陽子,石井 陽子,yasuhiro36@example.org,鹿児島県,3,C017352,new
ATT01291,夏の涼感体験会,2026-04-04,S026,中村,和也,中村 和也,maayayamaguchi@example.org,滋賀県,3,C000140,exact
ATT01292,夏の涼感体験会,2026-12-30,S049,吉田,太一,吉田 太一,sotaro53@example.org,宮城県,2,C007990,new
ATT01293,リニューアルオープン記念イベント,2026-06-19,S014,加藤,聡太郎,加藤 聡太郎,kazuyakato@example.org,東京都,5,C002115,new
ATT01294,冬のあったか家電フェア,2026-08-05,S034,遠藤,裕美子,遠藤 裕美子,taichi48@example.org,千葉県,5,C009109,exact
ATT01295,キッチン用品試食会,2026-12-04,S020,中村,真綾,中村 真綾,naokinakagawa@example.net,愛知県,4,C001372,new
ATT01296,冬のあったか家電フェア,2026-10-16,S001,山崎,くみ子,山崎 くみ子,satoyui@example.net,大阪府,5,C009805,new
ATT01297,冬のあったか家電フェア,2026-12-19,S043,鈴木,京助,鈴木 京助,haruka50@example.net,青森県,1,C013024,new
ATT01298,秋のインテリア相談会,2026-04-25,S026,橋本,修平,橋本 修平,usato@example.net,佐賀県,4,C005467,exact
ATT01299,春の新生活フェア,2026-12-07,S044,清水,裕美子,清水 裕美子,yamaguchirei@example.net,東京都,3,C017249,new
ATT01300,秋のインテリア相談会,2026-08-17,S041,鈴木,香織,鈴木 香織,momokonakamura@example.net,宮崎県,4,C010669,new
ATT01301,春の新生活フェア,2026-08-26,S026,近藤,知実,近藤 知実,satomisato@example.net,福岡県,5,C019400,new
ATT01302,秋のインテリア相談会,2026-02-12,S031,西村,英樹,西村 英樹,takahashitaro@example.com,茨城県,3,C015739,exact
ATT01303,キッチン用品試食会,2026-04-05,S043,佐藤,浩,佐藤 浩,sotaro64@example.net,佐賀県,5,C001787,new
ATT01304,秋のインテリア相談会,2026-02-26,S027,藤原,春香,藤原 春香,miturutakahashi@example.net,佐賀県,3,C012286,new
ATT01305,秋のインテリア相談会,2026-02-21,S042,佐藤,太郎,佐藤 太郎,qota@example.net,島根県,4,C009850,new
ATT01306,春の新生活フェア,2026-03-24,S029,山崎,春香,山崎 春香,yumikookada@example.org,岩手県,5,C005055,exact
ATT01307,冬のあったか家電フェア,2026-01-28,S015,山田,太郎,山田 太郎,nishimuraosamu@example.net,埼玉県,5,C008606,space
ATT01308,キッチン用品試食会,2026-07-24,S012,青木,陽子,青木 陽子,matsumotoosamu@example.org,京都府,2,C015144,exact
ATT01309,キッチン用品試食会,2026-09-13,S032,井上,聡太郎,井上 聡太郎,tomoyayamada@example.org,北海道,5,C003106,exact
ATT01310,夏の涼感体験会,2026-02-10,S034,鈴木,香織,鈴木 香織,atanaka@example.com,群馬県,5,C015690,exact
ATT01311,秋のインテリア相談会,2026-06-27,S009,阿部,浩,阿部 浩,satomihasegawa@example.org,大分県,4,C006214,new
ATT01312,夏の涼感体験会,2026-07-14,S047,佐々木,陽子,佐々木 陽子,ttanaka@example.com,宮城県,3,C004574,exact
ATT01313,夏の涼感体験会,2026-02-16,S031,山崎,智也,山崎 智也,gyamamoto@example.org,埼玉県,5,C004791,exact
ATT01314,秋のインテリア相談会,2026-04-10,S038,佐々木,晃,佐々木 晃,watanabetaichi@example.net,石川県,4,C019577,new
ATT01315,キッチン用品試食会,2026-03-09,S014,鈴木,加奈,鈴木 加奈,uyamamoto@example.com,福岡県,5,C009833,exact
ATT01316,春の新生活フェア,2026-10-21,S049,佐藤,さゆり,佐藤 さゆり,tanakanaoto@example.org,静岡県,4,C007290,new
ATT01317,キッチン用品試食会,2026-12-03,S014,石井,亮介,石井 亮介,asasaki@example.org,香川県,4,C014604,exact
ATT01318,春の新生活フェア,2026-03-01,S008,池田,美加子,池田 美加子,yamashitaakira@example.org,滋賀県,5,C017255,new
ATT01319,春の新生活フェア,2026-11-03,S029,田中,直人,田中 直人,mikakosuzuki@example.com,神奈川県,3,C012624,exact
ATT01320,冬のあったか家電フェア,2026-05-21,S048,山本,京助,山本 京助,nakamurayoichi@example.net,広島県,3,C005876,exact
ATT01321,春の新生活フェア,2026-05-05,S042,鈴木,篤司,鈴木 篤司,nhayashi@example.com,福井県,4,C016963,exact
ATT01322,夏の涼感体験会,2026-05-24,S029,吉田,智也,吉田 智也,ihashimoto@example.net,北海道,4,C011350,exact
ATT01323,秋のインテリア相談会,2026-06-01,S029,山崎,太一,山崎 太一,hideki63@example.org,三重県,5,C006712,exact
ATT01324,秋のインテリア相談会,2026-12-18,S047,松田,修平,松田 修平,yamamotoosamu@example.org,愛媛県,4,C010309,exact
ATT01325,秋のインテリア相談会,2026-12-04,S031,佐藤,舞,佐藤 舞,maayahayashi@example.org,静岡県,2,C012197,exact
ATT01326,冬のあったか家電フェア,2026-12-01,S020,藤田,篤司,藤田 篤司,naoki56@example.net,熊本県,4,C005853,exact
ATT01327,冬のあったか家電フェア,2026-05-08,S014,松本,直樹,松本 直樹,hidekisuzuki@example.org,長崎県,2,C001891,exact
ATT01328,冬のあったか家電フェア,2026-06-02,S007,鈴木,里佳,鈴木 里佳,lhasegawa@example.com,佐賀県,3,C008470,exact
ATT01329,夏の涼感体験会,2026-06-02,S014,木村,裕美子,木村 裕美子,ryosukekobayashi@example.org,広島県,5,C011045,exact
ATT01330,夏の涼感体験会,2026-01-29,S049,田中,陽子,田中 陽子,btakahashi@example.net,滋賀県,5,C003803,exact
ATT01331,夏の涼感体験会,2026-07-13,S018,渡辺,七夏,渡辺 七夏,lwatanabe@example.com,熊本県,4,C009366,exact
ATT01332,冬のあったか家電フェア,2026-01-22,S048,三浦,淳,三浦 淳,xkobayashi@example.com,福岡県,4,C003208,new
ATT01333,キッチン用品試食会,2026-01-28,S003,小林,陽子,小林 陽子,ttakahashi@example.org,富山県,5,C009532,exact
ATT01334,冬のあったか家電フェア,2026-08-18,S010,木村,亮介,木村 亮介,yamaguchimikako@example.net,秋田県,4,C012570,exact
ATT01335,夏の涼感体験会,2026-08-08,S002,山下,英樹,山下 英樹,yukikondo@example.com,和歌山県,4,C000846,exact
ATT01336,春の新生活フェア,2026-05-13,S013,松本,知実,松本 知実,csato@example.net,佐賀県,3,C000875,exact
ATT01337,冬のあったか家電フェア,2026-12-07,S048,池田,稔,池田 稔,maitanaka@example.com,北海道,2,C000061,new
ATT01338,冬のあったか家電フェア,2026-12-11,S043,山口,明美,山口 明美,harukanakamura@example.com,鹿児島県,2,C003913,exact
ATT01339,春の新生活フェア,2026-10-04,S031,鈴木,直人,鈴木 直人,jun99@example.com,茨城県,4,C003813,exact
ATT01340,キッチン用品試食会,2026-06-23,S010,小林,裕太,小林 裕太,wogawa@example.net,富山県,5,C018451,exact
ATT01341,春の新生活フェア,2026-03-05,S034,小川,聡太郎,小川 聡太郎,yamaguchiyoko@example.net,群馬県,2,C010168,exact
ATT01342,キッチン用品試食会,2026-01-03,S046,清水,智也,清水 智也,miurayasuhiro@example.org,宮崎県,5,C009889,exact
ATT01343,冬のあったか家電フェア,2026-07-02,S030,岡本,桃子,岡本 桃子,hashimotochiyo@example.com,岡山県,4,C014393,new
ATT01344,春の新生活フェア,2026-11-19,S028,佐藤,陽一,佐藤 陽一,ryosuke63@example.org,熊本県,4,C009632,new
ATT01345,春の新生活フェア,2026-11-18,S015,橋本,智也,橋本 智也,momoko46@example.com,奈良県,4,C016748,exact
ATT01346,冬のあったか家電フェア,2026-11-28,S013,後藤,涼平,後藤 涼平,sotaro71@example.org,岡山県,5,C003570,exact
ATT01347,冬のあったか家電フェア,2026-06-25,S030,清水,学,清水 学,hkobayashi@example.net,埼玉県,5,C013461,new
ATT01348,冬のあったか家電フェア,2026-08-30,S022,小林,康弘,小林 康弘,suzukitsubasa@example.org,富山県,4,C009814,exact
ATT01349,春の新生活フェア,2026-05-02,S002,木村,浩,木村 浩,itoshota@example.org,鳥取県,3,C010463,exact
ATT01350,夏の涼感体験会,2026-01-12,S049,鈴木,幹,鈴木 幹,takahashimiki@example.com,愛媛県,5,C009196,new
ATT01351,キッチン用品試食会,2026-01-27,S035,清水,里佳,清水 里佳,sayuriwatanabe@example.net,山梨県,4,C000485,exact
ATT01352,夏の涼感体験会,2026-11-23,S042,山口,翔太,山口 翔太,vsuzuki@example.com,鳥取県,2,C013791,new
ATT01353,秋のインテリア相談会,2026-07-16,S005,阿部,美加子,阿部 美加子,naotomaeda@example.com,岐阜県,4,C002137,exact
ATT01354,春の新生活フェア,2026-09-26,S005,加藤,直人,加藤 直人,rikanishimura@example.com,神奈川県,4,C010348,exact
ATT01355,秋のインテリア相談会,2026-11-23,S030,近藤,裕樹,近藤 裕樹,sotaro74@example.com,佐賀県,4,C008182,exact
ATT01356,キッチン用品試食会,2026-08-15,S008,中村,結衣,中村 結衣,cfujiwara@example.org,香川県,5,C011832,exact
ATT01357,春の新生活フェア,2026-06-22,S049,吉田,学,吉田 学,saitonaoko@example.com,大分県,5,C013002,exact
ATT01358,冬のあったか家電フェア,2026-10-14,S030,高橋,智也,高橋 智也,bmatsumoto@example.com,埼玉県,5,C018611,exact
ATT01359,リニューアルオープン記念イベント,2026-05-04,S009,佐藤,聡太郎,佐藤 聡太郎,itotsubasa@example.org,奈良県,4,C004452,exact
ATT01360,夏の涼感体験会,2026-06-09,S013,石川,英樹,石川 英樹,harukawatanabe@example.net,山梨県,3,C003628,exact
ATT01361,夏の涼感体験会,2026-03-27,S044,伊藤,翼,伊藤 翼,suzukiakira@example.org,東京都,5,C005547,exact
ATT01362,秋のインテリア相談会,2026-06-24,S043,中村,智也,中村 智也,kenichiwatanabe@example.org,兵庫県,5,C014408,new
ATT01363,秋のインテリア相談会,2026-01-31,S029,村上,裕樹,村上 裕樹,junhayashi@example.com,富山県,4,C010922,exact
ATT01364,秋のインテリア相談会,2026-12-02,S017,木村,直人,木村 直人,yasuhiro46@example.org,鹿児島県,4,C004010,new
ATT01365,キッチン用品試食会,2026-01-25,S044,小川,くみ子,小川 くみ子,mikako63@example.net,新潟県,3,C011586,exact
ATT01366,夏の涼感体験会,2026-05-06,S042,西村,充,西村 充,yoshidayoko@example.net,北海道,5,C004916,exact
ATT01367,キッチン用品試食会,2026-12-24,S013,佐々木,知実,佐々木 知実,manabu47@example.org,島根県,5,C009475,exact
ATT01368,キッチン用品試食会,2026-09-07,S044,渡辺,陽子,渡辺 陽子,sotarookamoto@example.com,千葉県,2,C008651,exact
ATT01369,キッチン用品試食会,2026-07-14,S021,石井,舞,石井 舞,takahashitomoya@example.org,京都府,5,C019804,exact
ATT01370,夏の涼感体験会,2026-03-15,S026,佐藤,美加子,佐藤 美加子,kumiko11@example.org,山形県,5,C010897,exact
ATT01371,リニューアルオープン記念イベント,2026-01-18,S027,鈴木,さゆり,鈴木 さゆり,smori@example.com,兵庫県,3,C013013,exact
ATT01372,夏の涼感体験会,2026-09-20,S016,清水,浩,清水 浩,watanabenaoto@example.com,石川県,4,C018047,exact
ATT01373,秋のインテリア相談会,2026-09-22,S019,田中,和也,田中 和也,shohei95@example.net,青森県,4,C016254,exact
ATT01374,秋のインテリア相談会,2026-11-05,S009,山下,零,山下 零,akira48@example.net,長野県,5,C008559,exact
ATT01375,夏の涼感体験会,2026-02-16,S035,石川,真綾,石川 真綾,minorusuzuki@example.org,愛媛県,4,C010864,exact
ATT01376,秋のインテリア相談会,2026-12-04,S011,伊藤,涼平,伊藤 涼平,yasuhirofujita@example.org,大阪府,3,C019773,new
ATT01377,夏の涼感体験会,2026-09-13,S042,岡本,京助,岡本 京助,stakahashi@example.com,大阪府,4,C012946,exact
ATT01378,夏の涼感体験会,2026-10-07,S045,中村,亮介,中村 亮介,sasakinaoki@example.net,石川県,5,C007574,fullwidth
ATT01379,夏の涼感体験会,2026-01-13,S038,藤井,幹,藤井 幹,kaorinakagawa@example.com,長野県,2,C004967,exact
ATT01380,冬のあったか家電フェア,2026-08-13,S009,藤田,修平,藤田 修平,sakamotoshohei@example.net,高知県,4,C008930,exact
ATT01381,春の新生活フェア,2026-10-14,S019,石井,真綾,石井 真綾,ryosukesaito@example.net,茨城県,1,C017984,new
ATT01382,夏の涼感体験会,2026-12-29,S040,小林,桃子,小林 桃子,minoruokada@example.net,三重県,5,C010259,new
ATT01383,春の新生活フェア,2026-01-16,S030,山口,零,山口 零,kobayashiryosuke@example.com,三重県,3,C003370,exact
ATT01384,夏の涼感体験会,2026-05-23,S048,中村,涼平,中村 涼平,yutafujiwara@example.com,愛知県,4,C009187,new
ATT01385,冬のあったか家電フェア,2026-08-23,S002,坂本,稔,坂本 稔,yoichi04@example.com,京都府,4,C009040,exact
ATT01386,秋のインテリア相談会,2026-10-05,S032,高橋,康弘,高橋 康弘,rsato@example.org,新潟県,5,C013278,exact
ATT01387,春の新生活フェア,2026-08-14,S017,伊藤,さゆり,伊藤 さゆり,tanakayoko@example.com,宮城県,4,C003268,exact
ATT01388,リニューアルオープン記念イベント,2026-10-12,S001,藤田,さゆり,藤田 さゆり,chasegawa@example.org,神奈川県,3,C001945,exact
ATT01389,リニューアルオープン記念イベント,2026-04-10,S048,斎藤,淳,斎藤 淳,yumikoshimizu@example.com,沖縄県,4,C011459,new
ATT01390,冬のあったか家電フェア,2026-02-01,S010,三浦,英樹,三浦 英樹,hanakofujii@example.org,岩手県,4,C013534,exact
ATT01391,秋のインテリア相談会,2026-06-24,S008,山本,京助,山本 京助,itoosamu@example.com,兵庫県,2,C002527,new
ATT01392,秋のインテリア相談会,2026-11-20,S027,斉藤,裕太,斉藤 裕太,chiyo54@example.com,新潟県,4,C009022,new
ATT01393,夏の涼感体験会,2026-12-17,S017,小林,陽一,小林 陽一,zkobayashi@example.org,香川県,5,C019971,new
ATT01394,夏の涼感体験会,2026-10-22,S050,池田,加奈,池田 加奈,msaito@example.com,山梨県,5,C011960,exact
ATT01395,キッチン用品試食会,2026-12-04,S039,小川,学,小川 学,rmatsumoto@example.com,富山県,4,C006153,new
ATT01396,冬のあったか家電フェア,2026-01-22,S044,松田,充,松田 充,akira38@example.com,千葉県,5,C018633,new
ATT01397,冬のあったか家電フェア,2026-09-16,S039,木村,太一,木村 太一,takuma52@example.com,茨城県,5,C004679,new
ATT01398,春の新生活フェア,2026-02-04,S007,後藤,くみ子,後藤 くみ子,kondoryosuke@example.com,佐賀県,4,C013998,new
ATT01399,夏の涼感体験会,2026-06-13,S007,池田,英樹,池田 英樹,yamashitayosuke@example.org,岡山県,5,C003673,new
ATT01400,キッチン用品試食会,2026-03-20,S007,鈴木,修平,鈴木 修平,hyamamoto@example.com,三重県,4,C014698,exact
ATT01401,リニューアルオープン記念イベント,2026-10-07,S003,山崎,真綾,山崎 真綾,yamamotosotaro@example.org,茨城県,5,C014203,exact
ATT01402,リニューアルオープン記念イベント,2026-06-11,S022,清水,和也,清水 和也,junhasegawa@example.net,長野県,3,C000695,exact
ATT01403,夏の涼感体験会,2026-07-16,S014,前田,零,前田 零,taichi35@example.org,鳥取県,5,C018717,exact
ATT01404,夏の涼感体験会,2026-10-23,S017,小林,晃,小林 晃,agoto@example.com,静岡県,5,C013370,exact
ATT01405,冬のあったか家電フェア,2026-01-09,S024,佐藤,英樹,佐藤 英樹,yuta51@example.com,滋賀県,5,C015118,exact
ATT01406,春の新生活フェア,2026-03-02,S016,松田,舞,松田 舞,shoheimori@example.org,長野県,5,C008854,new
ATT01407,夏の涼感体験会,2026-12-04,S024,太田,充,太田 充,asukaota@example.org,岡山県,4,C013388,exact
ATT01408,秋のインテリア相談会,2026-07-09,S042,橋本,淳,橋本 淳,rei44@example.org,秋田県,4,C009019,exact
ATT01409,リニューアルオープン記念イベント,2026-09-07,S046,山口,知実,山口 知実,ishiiyosuke@example.org,千葉県,2,C000258,exact
ATT01410,冬のあったか家電フェア,2026-01-15,S050,加藤,浩,加藤 浩,taichiyoshida@example.org,和歌山県,3,C007273,new
ATT01411,春の新生活フェア,2026-12-07,S039,田中,美加子,田中 美加子,psato@example.org,兵庫県,4,C018266,exact
ATT01412,リニューアルオープン記念イベント,2026-10-30,S008,佐藤,智也,佐藤 智也,watanabemituru@example.com,滋賀県,5,C017463,exact
ATT01413,冬のあったか家電フェア,2026-12-09,S017,長谷川,太郎,長谷川 太郎,cota@example.org,熊本県,5,C015752,new
ATT01414,春の新生活フェア,2026-06-28,S004,加藤,加奈,加藤 加奈,hasegawakumiko@example.net,島根県,3,C017994,exact
ATT01415,夏の涼感体験会,2026-06-30,S014,鈴木,真綾,鈴木 真綾,ohashimoto@example.net,宮崎県,4,C017501,new
ATT01416,秋のインテリア相談会,2026-02-14,S025,佐藤,篤司,佐藤 篤司,akiraokamoto@example.com,秋田県,4,C012142,exact
ATT01417,春の新生活フェア,2026-02-12,S032,鈴木,充,鈴木 充,suzukikyosuke@example.net,福井県,4,C006278,exact
ATT01418,冬のあったか家電フェア,2026-09-06,S035,佐々木,聡太郎,佐々木 聡太郎,ryohei04@example.org,北海道,5,C010373,exact
ATT01419,キッチン用品試食会,2026-12-21,S030,福田,裕樹,福田 裕樹,hiroshi31@example.net,愛媛県,5,C008115,exact
ATT01420,春の新生活フェア,2026-09-02,S015,村上,直人,村上 直人,ishiikana@example.org,富山県,3,C017914,exact
ATT01421,秋のインテリア相談会,2026-05-20,S040,森,京助,森 京助,yuta61@example.com,香川県,4,C017905,exact
ATT01422,春の新生活フェア,2026-09-06,S045,阿部,直子,阿部 直子,katoyumiko@example.org,島根県,4,C016417,new
ATT01423,夏の涼感体験会,2026-12-16,S023,鈴木,桃子,鈴木 桃子,yokomatsuda@example.net,大阪府,4,C006182,exact
ATT01424,秋のインテリア相談会,2026-07-25,S007,加藤,淳,加藤 淳,tanakakumiko@example.com,岡山県,4,C001950,exact
ATT01425,秋のインテリア相談会,2026-05-10,S031,山下,陽一,山下 陽一,gsuzuki@example.com,愛媛県,2,C009684,exact
ATT01426,秋のインテリア相談会,2026-11-23,S043,田中,陽子,田中 陽子,yamashitakaori@example.org,山形県,3,C012663,exact
ATT01427,秋のインテリア相談会,2026-10-03,S023,加藤,和也,加藤 和也,takahashimaaya@example.net,秋田県,4,C016400,new
ATT01428,リニューアルオープン記念イベント,2026-02-25,S039,高橋,翼,高橋 翼,lsuzuki@example.com,大阪府,5,C013294,exact
ATT01429,リニューアルオープン記念イベント,2026-01-29,S025,鈴木,結衣,鈴木 結衣,yukiwatanabe@example.net,徳島県,4,C017668,exact
ATT01430,冬のあったか家電フェア,2026-07-02,S024,阿部,稔,阿部 稔,shimizuyoichi@example.com,長野県,5,C000779,exact
ATT01431,夏の涼感体験会,2026-08-01,S014,伊藤,さゆり,伊藤 さゆり,sayuri89@example.net,大分県,4,C018575,exact
ATT01432,夏の涼感体験会,2026-11-04,S043,伊藤,零,伊藤 零,naoki51@example.com,群馬県,4,C007981,exact
ATT01433,リニューアルオープン記念イベント,2026-03-30,S019,山本,幹,山本 幹,tomoya05@example.net,福岡県,2,C004365,exact
ATT01434,リニューアルオープン記念イベント,2026-02-02,S044,山崎,裕美子,山崎 裕美子,rota@example.com,広島県,4,C006413,new
ATT01435,秋のインテリア相談会,2026-09-25,S043,藤田,陽子,藤田 陽子,miturusasaki@example.org,福岡県,5,C004804,new
ATT01436,キッチン用品試食会,2026-08-02,S025,高橋,舞,高橋 舞,kenichimori@example.com,北海道,3,C004257,exact
ATT01437,キッチン用品試食会,2026-08-23,S011,山下,千代,山下 千代,zyamada@example.net,石川県,5,C004557,exact
ATT01438,春の新生活フェア,2026-02-09,S004,木村,香織,木村 香織,atsushinakagawa@example.org,静岡県,1,C006266,exact
ATT01439,夏の涼感体験会,2026-01-22,S030,田中,幹,田中 幹,nakamurarika@example.net,福島県,4,C006950,exact
ATT01440,春の新生活フェア,2026-01-21,S014,吉田,充,吉田 充,nishimurashota@example.net,静岡県,4,C019986,new
ATT01441,春の新生活フェア,2026-11-26,S040,林,春香,林 春香,itotakuma@example.com,佐賀県,5,C005426,exact
ATT01442,冬のあったか家電フェア,2026-10-02,S013,近藤,充,近藤 充,endoyoko@example.net,沖縄県,4,C005498,exact
ATT01443,秋のインテリア相談会,2026-05-19,S015,木村,直樹,木村 直樹,tsubasa92@example.net,秋田県,5,C017762,exact
ATT01444,秋のインテリア相談会,2026-04-25,S045,佐藤,裕美子,佐藤 裕美子,gotokana@example.com,山口県,3,C002941,exact
ATT01445,冬のあったか家電フェア,2026-09-21,S033,石井,明美,石井 明美,rfukuda@example.com,鹿児島県,4,C012607,exact
ATT01446,冬のあったか家電フェア,2026-02-15,S032,山下,聡太郎,山下 聡太郎,tsubasakato@example.net,新潟県,4,C016249,exact
ATT01447,春の新生活フェア,2026-03-22,S045,橋本,修平,橋本 修平,mogawa@example.org,大分県,5,C014565,exact
ATT01448,春の新生活フェア,2026-07-29,S039,長谷川,淳,長谷川 淳,rikamaeda@example.net,千葉県,4,C000357,exact
ATT01449,春の新生活フェア,2026-02-15,S007,藤井,陽一,藤井 陽一,vtakahashi@example.net,茨城県,3,C013829,exact
ATT01450,春の新生活フェア,2026-09-17,S003,井上,智也,井上 智也,xmori@example.com,長野県,4,C007211,exact
ATT01451,春の新生活フェア,2026-07-09,S006,木村,太郎,木村 太郎,matsumotonaoki@example.org,滋賀県,4,C005574,exact
ATT01452,秋のインテリア相談会,2026-01-04,S029,高橋,智也,高橋 智也,nwatanabe@example.net,神奈川県,5,C004233,new
ATT01453,リニューアルオープン記念イベント,2026-11-29,S034,中川,修平,中川 修平,hayashinaoto@example.com,石川県,4,C006620,new
ATT01454,キッチン用品試食会,2026-03-13,S009,橋本,淳,橋本 淳,kaorisuzuki@example.com,鳥取県,4,C011184,exact
ATT01455,冬のあったか家電フェア,2026-09-04,S010,松田,七夏,松田 七夏,tsubasaishikawa@example.com,香川県,4,C001627,exact
ATT01456,秋のインテリア相談会,2026-07-10,S018,清水,和也,清水 和也,asuka51@example.com,香川県,4,C017282,new
ATT01457,リニューアルオープン記念イベント,2026-08-26,S026,岡本,英樹,岡本 英樹,naokoaoki@example.org,岡山県,4,C015178,exact
ATT01458,夏の涼感体験会,2026-04-03,S001,小林,翔太,小林 翔太,harukafujita@example.net,広島県,1,C004662,exact
ATT01459,リニューアルオープン記念イベント,2026-05-23,S003,西村,淳,西村 淳,yamamotohanako@example.net,福井県,2,C002174,exact
ATT01460,秋のインテリア相談会,2026-12-20,S031,佐藤,くみ子,佐藤 くみ子,ryosuke86@example.org,群馬県,4,C015997,exact
ATT01461,リニューアルオープン記念イベント,2026-04-18,S019,井上,智也,井上 智也,wendo@example.com,富山県,4,C017049,new
ATT01462,春の新生活フェア,2026-08-02,S014,遠藤,京助,遠藤 京助,atsushi10@example.net,大分県,1,C010437,exact
ATT01463,春の新生活フェア,2026-02-16,S002,阿部,和也,阿部 和也,naoki71@example.net,長野県,5,C000371,exact
ATT01464,秋のインテリア相談会,2026-08-06,S003,田中,美加子,田中 美加子,yamamotoharuka@example.com,神奈川県,3,C005187,uppercase
ATT01465,秋のインテリア相談会,2026-06-09,S024,小林,裕樹,小林 裕樹,kimurahideki@example.org,北海道,4,C001277,exact
ATT01466,冬のあったか家電フェア,2026-09-04,S016,中島,里佳,中島 里佳,pito@example.com,福島県,4,C019744,exact
ATT01467,春の新生活フェア,2026-07-29,S014,鈴木,舞,鈴木 舞,yukihayashi@example.com,岩手県,3,C000159,new
ATT01468,秋のインテリア相談会,2026-03-04,S010,田中,くみ子,田中 くみ子,yamaguchiharuka@example.com,宮城県,2,C009150,new
ATT01469,秋のインテリア相談会,2026-10-08,S018,伊藤,零,伊藤 零,matsudayuki@example.net,愛媛県,4,C007473,exact
ATT01470,秋のインテリア相談会,2026-10-14,S009,山田,翔太,山田 翔太,minorufukuda@example.org,香川県,3,C006663,exact
ATT01471,春の新生活フェア,2026-07-17,S015,山口,淳,山口 淳,mikako26@example.org,福岡県,2,C001716,exact
ATT01472,夏の涼感体験会,2026-10-18,S049,中川,修平,中川 修平,satoakemi@example.net,大分県,3,C007135,exact
ATT01473,夏の涼感体験会,2026-11-23,S010,長谷川,真綾,長谷川 真綾,yuta30@example.org,香川県,4,C006945,new
ATT01474,冬のあったか家電フェア,2026-06-19,S013,吉田,美加子,吉田 美加子,kenichi94@example.net,福岡県,3,C000355,new
ATT01475,秋のインテリア相談会,2026-02-28,S031,吉田,稔,吉田 稔,hanakowatanabe@example.net,香川県,4,C012973,new
ATT01476,秋のインテリア相談会,2026-09-21,S047,橋本,くみ子,橋本 くみ子,hanako17@example.org,兵庫県,5,C000141,new
ATT01477,冬のあったか家電フェア,2026-05-01,S027,加藤,智也,加藤 智也,kyosukemori@example.net,奈良県,5,C005166,new
ATT01478,リニューアルオープン記念イベント,2026-10-11,S046,長谷川,直人,長谷川 直人,sasakihiroshi@example.org,岐阜県,4,C002103,exact
ATT01479,秋のインテリア相談会,2026-07-02,S012,清水,加奈,清水 加奈,wnakamura@example.net,三重県,2,C013889,exact
ATT01480,夏の涼感体験会,2026-11-20,S012,渡辺,明美,渡辺 明美,manabu55@example.com,京都府,3,C007121,exact
ATT01481,夏の涼感体験会,2026-07-23,S018,加藤,陽子,加藤 陽子,xsato@example.com,三重県,2,C011201,new
ATT01482,冬のあったか家電フェア,2026-05-21,S033,藤井,浩,藤井 浩,maayasuzuki@example.com,福島県,1,C012929,exact
ATT01483,春の新生活フェア,2026-09-21,S025,前田,舞,前田 舞,yui65@example.net,京都府,5,C003132,new
ATT01484,春の新生活フェア,2026-08-29,S006,山口,亮介,山口 亮介,fyamaguchi@example.com,岡山県,3,C017523,exact
ATT01485,夏の涼感体験会,2026-07-22,S045,藤井,さゆり,藤井 さゆり,yamadaakira@example.org,新潟県,4,C014712,exact
ATT01486,秋のインテリア相談会,2026-03-22,S027,山本,幹,山本 幹,osamu49@example.net,高知県,4,C005937,exact
ATT01487,冬のあったか家電フェア,2026-12-09,S004,山崎,陽一,山崎 陽一,zfujita@example.org,東京都,5,C011571,exact
ATT01488,秋のインテリア相談会,2026-03-06,S041,岡田,篤司,岡田 篤司,kimurasotaro@example.com,大阪府,3,C009518,new
ATT01489,夏の涼感体験会,2026-11-02,S013,鈴木,太郎,鈴木 太郎,katoshohei@example.com,山形県,1,C017954,exact
ATT01490,春の新生活フェア,2026-10-14,S046,鈴木,裕太,鈴木 裕太,takumaabe@example.net,島根県,4,C005089,exact
ATT01491,秋のインテリア相談会,2026-02-05,S006,長谷川,あすか,長谷川 あすか,dinoue@example.com,富山県,3,C003758,exact
ATT01492,夏の涼感体験会,2026-08-11,S009,佐藤,幹,佐藤 幹,suzukichiyo@example.com,群馬県,4,C018899,exact
ATT01493,キッチン用品試食会,2026-09-20,S004,池田,加奈,池田 加奈,xsuzuki@example.org,山梨県,5,C013992,exact
ATT01494,キッチン用品試食会,2026-12-01,S028,山本,篤司,山本 篤司,kazuyasato@example.net,富山県,4,C001367,exact
ATT01495,冬のあったか家電フェア,2026-03-23,S017,山下,七夏,山下 七夏,kaoriyamazaki@example.com,岡山県,2,C007957,exact
ATT01496,秋のインテリア相談会,2026-12-10,S019,吉田,篤司,吉田 篤司,cendo@example.com,宮城県,5,C000557,exact
ATT01497,冬のあったか家電フェア,2026-01-16,S024,鈴木,康弘,鈴木 康弘,sayurimori@example.org,三重県,5,C005622,exact
ATT01498,春の新生活フェア,2026-08-14,S027,池田,学,池田 学,yoko32@example.net,鳥取県,4,C000273,new
ATT01499,冬のあったか家電フェア,2026-11-20,S005,伊藤,直子,伊藤 直子,shotahashimoto@example.com,岩手県,4,C019154,exact
ATT01500,夏の涼感体験会,2026-01-31,S042,石川,さゆり,石川 さゆり,ishikawaakira@example.org,滋賀県,5,C011610,exact
